Study ID	Sample ID	Patient ID	Altered	KRAS	EGFR	KRAS: AMP	KRAS: HOMDEL	KRAS: MUT	KRAS: FUSION	EGFR: AMP	EGFR: HOMDEL	EGFR: MUT	EGFR: FUSION
luad_tcga_pan_can_atlas_2018	TCGA-05-4244-01	TCGA-05-4244	1	G12C	no alteration	no alteration	no alteration	G12C	no alteration	no alteration	no alteration	no alteration	no alteration
luad_tcga_pan_can_atlas_2018	TCGA-05-4249-01	TCGA-05-4249	1	G12C	no alteration	no alteration	no alteration	G12C	no alteration	no alteration	no alteration	no alteration	no alteration
luad_tcga_pan_can_atlas_2018	TCGA-05-4250-01	TCGA-05-4250	1	AMP, G12C	no alteration	AMP	AMP	G12C	no alteration	no alteration	no alteration	no alteration	no alteration
luad_tcga_pan_can_atlas_2018	TCGA-05-4382-01	TCGA-05-4382	1	no alteration	R222L, E545Q	no alteration	no alteration	no alteration	no alteration	no alteration	no alteration	R222L, E545Q	no alteration
luad_tcga_pan_can_atlas_2018	TCGA-05-4390-01	TCGA-05-4390	1	G12V	no alteration	no alteration	no alteration	G12V	no alteration	no alteration	no alteration	no alteration	no alteration
luad_tcga_pan_can_atlas_2018	TCGA-05-4395-01	TCGA-05-4395	1	G12V	no alteration	no alteration	no alteration	G12V	no alteration	no alteration	no alteration	no alteration	no alteration
luad_tcga_pan_can_atlas_2018	TCGA-05-4402-01	TCGA-05-4402	1	no alteration	AMP, T751_I759delinsN, I759N	no alteration	no alteration	no alteration	no alteration	AMP	AMP	T751_I759delinsN, I759N	no alteration
luad_tcga_pan_can_atlas_2018	TCGA-05-4403-01	TCGA-05-4403	1	G12C	no alteration	no alteration	no alteration	G12C	no alteration	no alteration	no alteration	no alteration	no alteration
luad_tcga_pan_can_atlas_2018	TCGA-05-4405-01	TCGA-05-4405	1	G12C	no alteration	no alteration	no alteration	G12C	no alteration	no alteration	no alteration	no alteration	no alteration
luad_tcga_pan_can_atlas_2018	TCGA-05-4410-01	TCGA-05-4410	1	no alteration	R377S	no alteration	no alteration	no alteration	no alteration	no alteration	no alteration	R377S	no alteration
luad_tcga_pan_can_atlas_2018	TCGA-05-4415-01	TCGA-05-4415	1	G12C	AMP	no alteration	no alteration	G12C	no alteration	AMP	AMP	no alteration	no alteration
luad_tcga_pan_can_atlas_2018	TCGA-05-4417-01	TCGA-05-4417	1	G12C	no alteration	no alteration	no alteration	G12C	no alteration	no alteration	no alteration	no alteration	no alteration
luad_tcga_pan_can_atlas_2018	TCGA-05-4418-01	TCGA-05-4418	1	G12C	no alteration	no alteration	no alteration	G12C	no alteration	no alteration	no alteration	no alteration	no alteration
luad_tcga_pan_can_atlas_2018	TCGA-05-4427-01	TCGA-05-4427	1	G12V	no alteration	no alteration	no alteration	G12V	no alteration	no alteration	no alteration	no alteration	no alteration
luad_tcga_pan_can_atlas_2018	TCGA-05-4433-01	TCGA-05-4433	1	AMP, G12V	no alteration	AMP	AMP	G12V	no alteration	no alteration	no alteration	no alteration	no alteration
luad_tcga_pan_can_atlas_2018	TCGA-05-5423-01	TCGA-05-5423	1	no alteration	L861Q, L833F	no alteration	no alteration	no alteration	no alteration	no alteration	no alteration	L861Q, L833F	no alteration
luad_tcga_pan_can_atlas_2018	TCGA-35-3615-01	TCGA-35-3615	1	G12C	no alteration	no alteration	no alteration	G12C	no alteration	no alteration	no alteration	no alteration	no alteration
luad_tcga_pan_can_atlas_2018	TCGA-38-4627-01	TCGA-38-4627	1	no alteration	L858R, L62R	no alteration	no alteration	no alteration	no alteration	no alteration	no alteration	L858R, L62R	no alteration
luad_tcga_pan_can_atlas_2018	TCGA-38-4628-01	TCGA-38-4628	1	no alteration	E746_A750del	no alteration	no alteration	no alteration	no alteration	no alteration	no alteration	E746_A750del	no alteration
luad_tcga_pan_can_atlas_2018	TCGA-38-6178-01	TCGA-38-6178	1	no alteration	AMP, E746_A750del	no alteration	no alteration	no alteration	no alteration	AMP	AMP	E746_A750del	no alteration
luad_tcga_pan_can_atlas_2018	TCGA-44-3917-01	TCGA-44-3917	1	G12S	no alteration	no alteration	no alteration	G12S	no alteration	no alteration	no alteration	no alteration	no alteration
luad_tcga_pan_can_atlas_2018	TCGA-44-5645-01	TCGA-44-5645	1	no alteration	A767_V769dup	no alteration	no alteration	no alteration	no alteration	no alteration	no alteration	A767_V769dup	no alteration
luad_tcga_pan_can_atlas_2018	TCGA-44-6144-01	TCGA-44-6144	1	G12C	no alteration	no alteration	no alteration	G12C	no alteration	no alteration	no alteration	no alteration	no alteration
luad_tcga_pan_can_atlas_2018	TCGA-44-6145-01	TCGA-44-6145	1	G12V	no alteration	no alteration	no alteration	G12V	no alteration	no alteration	no alteration	no alteration	no alteration
luad_tcga_pan_can_atlas_2018	TCGA-44-6146-01	TCGA-44-6146	1	G12V	no alteration	no alteration	no alteration	G12V	no alteration	no alteration	no alteration	no alteration	no alteration
luad_tcga_pan_can_atlas_2018	TCGA-44-6776-01	TCGA-44-6776	1	G12D	no alteration	no alteration	no alteration	G12D	no alteration	no alteration	no alteration	no alteration	no alteration
luad_tcga_pan_can_atlas_2018	TCGA-44-7659-01	TCGA-44-7659	1	G12C	no alteration	no alteration	no alteration	G12C	no alteration	no alteration	no alteration	no alteration	no alteration
luad_tcga_pan_can_atlas_2018	TCGA-44-7661-01	TCGA-44-7661	1	AMP, G12V	no alteration	AMP	AMP	G12V	no alteration	no alteration	no alteration	no alteration	no alteration
luad_tcga_pan_can_atlas_2018	TCGA-44-7671-01	TCGA-44-7671	1	G12C	no alteration	no alteration	no alteration	G12C	no alteration	no alteration	no alteration	no alteration	no alteration
luad_tcga_pan_can_atlas_2018	TCGA-44-7672-01	TCGA-44-7672	1	AMP, G12A	no alteration	AMP	AMP	G12A	no alteration	no alteration	no alteration	no alteration	no alteration
luad_tcga_pan_can_atlas_2018	TCGA-44-8117-01	TCGA-44-8117	1	L19F	no alteration	no alteration	no alteration	L19F	no alteration	no alteration	no alteration	no alteration	no alteration
luad_tcga_pan_can_atlas_2018	TCGA-44-A479-01	TCGA-44-A479	1	AMP	no alteration	AMP	AMP	no alteration	no alteration	no alteration	no alteration	no alteration	no alteration
luad_tcga_pan_can_atlas_2018	TCGA-44-A47A-01	TCGA-44-A47A	1	G12D	no alteration	no alteration	no alteration	G12D	no alteration	no alteration	no alteration	no alteration	no alteration
luad_tcga_pan_can_atlas_2018	TCGA-44-A47F-01	TCGA-44-A47F	1	G12C	no alteration	no alteration	no alteration	G12C	no alteration	no alteration	no alteration	no alteration	no alteration
luad_tcga_pan_can_atlas_2018	TCGA-44-A4SU-01	TCGA-44-A4SU	1	no alteration	AMP, S768I, G719C	no alteration	no alteration	no alteration	no alteration	AMP	AMP	S768I, G719C	no alteration
luad_tcga_pan_can_atlas_2018	TCGA-49-4490-01	TCGA-49-4490	1	no alteration	L858R	no alteration	no alteration	no alteration	no alteration	no alteration	no alteration	L858R	no alteration
luad_tcga_pan_can_atlas_2018	TCGA-49-4494-01	TCGA-49-4494	1	no alteration	L858R, T790M	no alteration	no alteration	no alteration	no alteration	no alteration	no alteration	L858R, T790M	no alteration
luad_tcga_pan_can_atlas_2018	TCGA-49-4501-01	TCGA-49-4501	1	no alteration	AMP, E746_A750del	no alteration	no alteration	no alteration	no alteration	AMP	AMP	E746_A750del	no alteration
luad_tcga_pan_can_atlas_2018	TCGA-49-4505-01	TCGA-49-4505	1	G12C	no alteration	no alteration	no alteration	G12C	no alteration	no alteration	no alteration	no alteration	no alteration
luad_tcga_pan_can_atlas_2018	TCGA-49-4506-01	TCGA-49-4506	1	G13D	no alteration	no alteration	no alteration	G13D	no alteration	no alteration	no alteration	no alteration	no alteration
luad_tcga_pan_can_atlas_2018	TCGA-49-4510-01	TCGA-49-4510	1	G12D	no alteration	no alteration	no alteration	G12D	no alteration	no alteration	no alteration	no alteration	no alteration
luad_tcga_pan_can_atlas_2018	TCGA-49-6745-01	TCGA-49-6745	1	AMP	no alteration	AMP	AMP	no alteration	no alteration	no alteration	no alteration	no alteration	no alteration
luad_tcga_pan_can_atlas_2018	TCGA-49-AAR9-01	TCGA-49-AAR9	1	AMP	no alteration	AMP	AMP	no alteration	no alteration	no alteration	no alteration	no alteration	no alteration
luad_tcga_pan_can_atlas_2018	TCGA-49-AARO-01	TCGA-49-AARO	1	G12A	AMP	no alteration	no alteration	G12A	no alteration	AMP	AMP	no alteration	no alteration
luad_tcga_pan_can_atlas_2018	TCGA-49-AARQ-01	TCGA-49-AARQ	1	G12V	no alteration	no alteration	no alteration	G12V	no alteration	no alteration	no alteration	no alteration	no alteration
luad_tcga_pan_can_atlas_2018	TCGA-4B-A93V-01	TCGA-4B-A93V	1	G12C	no alteration	no alteration	no alteration	G12C	no alteration	no alteration	no alteration	no alteration	no alteration
luad_tcga_pan_can_atlas_2018	TCGA-50-5051-01	TCGA-50-5051	1	G12C	no alteration	no alteration	no alteration	G12C	no alteration	no alteration	no alteration	no alteration	no alteration
luad_tcga_pan_can_atlas_2018	TCGA-50-5066-01	TCGA-50-5066	1	no alteration	L210=	no alteration	no alteration	no alteration	no alteration	no alteration	no alteration	L210=	no alteration
luad_tcga_pan_can_atlas_2018	TCGA-50-5932-01	TCGA-50-5932	1	G12C	no alteration	no alteration	no alteration	G12C	no alteration	no alteration	no alteration	no alteration	no alteration
luad_tcga_pan_can_atlas_2018	TCGA-50-5933-01	TCGA-50-5933	1	G12C	no alteration	no alteration	no alteration	G12C	no alteration	no alteration	no alteration	no alteration	no alteration
luad_tcga_pan_can_atlas_2018	TCGA-50-5936-01	TCGA-50-5936	1	G12C	no alteration	no alteration	no alteration	G12C	no alteration	no alteration	no alteration	no alteration	no alteration
luad_tcga_pan_can_atlas_2018	TCGA-50-5939-01	TCGA-50-5939	1	no alteration	AMP	no alteration	no alteration	no alteration	no alteration	AMP	AMP	no alteration	no alteration
luad_tcga_pan_can_atlas_2018	TCGA-50-5941-01	TCGA-50-5941	1	AMP, G12A	no alteration	AMP	AMP	G12A	no alteration	no alteration	no alteration	no alteration	no alteration
luad_tcga_pan_can_atlas_2018	TCGA-50-5944-01	TCGA-50-5944	1	no alteration	L858R	no alteration	no alteration	no alteration	no alteration	no alteration	no alteration	L858R	no alteration
luad_tcga_pan_can_atlas_2018	TCGA-50-6591-01	TCGA-50-6591	1	no alteration	AMP, L833V, K754_I759del	no alteration	no alteration	no alteration	no alteration	AMP	AMP	L833V, K754_I759del	no alteration
luad_tcga_pan_can_atlas_2018	TCGA-50-6595-01	TCGA-50-6595	1	no alteration	G719A, S768I	no alteration	no alteration	no alteration	no alteration	no alteration	no alteration	G719A, S768I	no alteration
luad_tcga_pan_can_atlas_2018	TCGA-50-6673-01	TCGA-50-6673	1	no alteration	AMP, H773dup	no alteration	no alteration	no alteration	no alteration	AMP	AMP	H773dup	no alteration
luad_tcga_pan_can_atlas_2018	TCGA-50-7109-01	TCGA-50-7109	1	G12C	no alteration	no alteration	no alteration	G12C	no alteration	no alteration	no alteration	no alteration	no alteration
luad_tcga_pan_can_atlas_2018	TCGA-50-8459-01	TCGA-50-8459	1	AMP, G12C	no alteration	AMP	AMP	G12C	no alteration	no alteration	no alteration	no alteration	no alteration
luad_tcga_pan_can_atlas_2018	TCGA-53-7813-01	TCGA-53-7813	1	G12A	no alteration	no alteration	no alteration	G12A	no alteration	no alteration	no alteration	no alteration	no alteration
luad_tcga_pan_can_atlas_2018	TCGA-55-1592-01	TCGA-55-1592	1	AMP	no alteration	AMP	AMP	no alteration	no alteration	no alteration	no alteration	no alteration	no alteration
luad_tcga_pan_can_atlas_2018	TCGA-55-1594-01	TCGA-55-1594	1	no alteration	AMP	no alteration	no alteration	no alteration	no alteration	AMP	AMP	no alteration	no alteration
luad_tcga_pan_can_atlas_2018	TCGA-55-1595-01	TCGA-55-1595	1	G12C	no alteration	no alteration	no alteration	G12C	no alteration	no alteration	no alteration	no alteration	no alteration
luad_tcga_pan_can_atlas_2018	TCGA-55-6642-01	TCGA-55-6642	1	G12V	no alteration	no alteration	no alteration	G12V	no alteration	no alteration	no alteration	no alteration	no alteration
luad_tcga_pan_can_atlas_2018	TCGA-55-6968-01	TCGA-55-6968	1	no alteration	E866K	no alteration	no alteration	no alteration	no alteration	no alteration	no alteration	E866K	no alteration
luad_tcga_pan_can_atlas_2018	TCGA-55-6970-01	TCGA-55-6970	1	G12V	no alteration	no alteration	no alteration	G12V	no alteration	no alteration	no alteration	no alteration	no alteration
luad_tcga_pan_can_atlas_2018	TCGA-55-6975-01	TCGA-55-6975	1	G13C	no alteration	no alteration	no alteration	G13C	no alteration	no alteration	no alteration	no alteration	no alteration
luad_tcga_pan_can_atlas_2018	TCGA-55-6980-01	TCGA-55-6980	1	no alteration	E709_T710delinsD	no alteration	no alteration	no alteration	no alteration	no alteration	no alteration	E709_T710delinsD	no alteration
luad_tcga_pan_can_atlas_2018	TCGA-55-6981-01	TCGA-55-6981	1	no alteration	AMP, L747_T751del	no alteration	no alteration	no alteration	no alteration	AMP	AMP	L747_T751del	no alteration
luad_tcga_pan_can_atlas_2018	TCGA-55-6983-01	TCGA-55-6983	1	G12C	no alteration	no alteration	no alteration	G12C	no alteration	no alteration	no alteration	no alteration	no alteration
luad_tcga_pan_can_atlas_2018	TCGA-55-6984-01	TCGA-55-6984	1	G12A	no alteration	no alteration	no alteration	G12A	no alteration	no alteration	no alteration	no alteration	no alteration
luad_tcga_pan_can_atlas_2018	TCGA-55-7281-01	TCGA-55-7281	1	G12C	no alteration	no alteration	no alteration	G12C	no alteration	no alteration	no alteration	no alteration	no alteration
luad_tcga_pan_can_atlas_2018	TCGA-55-7283-01	TCGA-55-7283	1	AMP, G12S	no alteration	AMP	AMP	G12S	no alteration	no alteration	no alteration	no alteration	no alteration
luad_tcga_pan_can_atlas_2018	TCGA-55-7284-01	TCGA-55-7284	1	G12D	no alteration	no alteration	no alteration	G12D	no alteration	no alteration	no alteration	no alteration	no alteration
luad_tcga_pan_can_atlas_2018	TCGA-55-7570-01	TCGA-55-7570	1	no alteration	V300M	no alteration	no alteration	no alteration	no alteration	no alteration	no alteration	V300M	no alteration
luad_tcga_pan_can_atlas_2018	TCGA-55-7573-01	TCGA-55-7573	1	no alteration	L747_E749del, K754E	no alteration	no alteration	no alteration	no alteration	no alteration	no alteration	L747_E749del, K754E	no alteration
luad_tcga_pan_can_atlas_2018	TCGA-55-7576-01	TCGA-55-7576	1	AMP, G12S	no alteration	AMP	AMP	G12S	no alteration	no alteration	no alteration	no alteration	no alteration
luad_tcga_pan_can_atlas_2018	TCGA-55-7725-01	TCGA-55-7725	1	G12V	no alteration	no alteration	no alteration	G12V	no alteration	no alteration	no alteration	no alteration	no alteration
luad_tcga_pan_can_atlas_2018	TCGA-55-7726-01	TCGA-55-7726	1	G12C	no alteration	no alteration	no alteration	G12C	no alteration	no alteration	no alteration	no alteration	no alteration
luad_tcga_pan_can_atlas_2018	TCGA-55-7728-01	TCGA-55-7728	1	G12V	no alteration	no alteration	no alteration	G12V	no alteration	no alteration	no alteration	no alteration	no alteration
luad_tcga_pan_can_atlas_2018	TCGA-55-7815-01	TCGA-55-7815	1	AMP, G12V	no alteration	AMP	AMP	G12V	no alteration	no alteration	no alteration	no alteration	no alteration
luad_tcga_pan_can_atlas_2018	TCGA-55-7907-01	TCGA-55-7907	1	G12C	no alteration	no alteration	no alteration	G12C	no alteration	no alteration	no alteration	no alteration	no alteration
luad_tcga_pan_can_atlas_2018	TCGA-55-7910-01	TCGA-55-7910	1	AMP, G13C	no alteration	AMP	AMP	G13C	no alteration	no alteration	no alteration	no alteration	no alteration
luad_tcga_pan_can_atlas_2018	TCGA-55-7911-01	TCGA-55-7911	1	G12V, K88*	no alteration	no alteration	no alteration	G12V, K88*	no alteration	no alteration	no alteration	no alteration	no alteration
luad_tcga_pan_can_atlas_2018	TCGA-55-7914-01	TCGA-55-7914	1	G12C	no alteration	no alteration	no alteration	G12C	no alteration	no alteration	no alteration	no alteration	no alteration
luad_tcga_pan_can_atlas_2018	TCGA-55-8089-01	TCGA-55-8089	1	no alteration	AMP	no alteration	no alteration	no alteration	no alteration	AMP	AMP	no alteration	no alteration
luad_tcga_pan_can_atlas_2018	TCGA-55-8090-01	TCGA-55-8090	1	G12V	no alteration	no alteration	no alteration	G12V	no alteration	no alteration	no alteration	no alteration	no alteration
luad_tcga_pan_can_atlas_2018	TCGA-55-8092-01	TCGA-55-8092	1	AMP	no alteration	AMP	AMP	no alteration	no alteration	no alteration	no alteration	no alteration	no alteration
luad_tcga_pan_can_atlas_2018	TCGA-55-8094-01	TCGA-55-8094	1	AMP, G13C	no alteration	AMP	AMP	G13C	no alteration	no alteration	no alteration	no alteration	no alteration
luad_tcga_pan_can_atlas_2018	TCGA-55-8096-01	TCGA-55-8096	1	no alteration	AMP, L858R	no alteration	no alteration	no alteration	no alteration	AMP	AMP	L858R	no alteration
luad_tcga_pan_can_atlas_2018	TCGA-55-8097-01	TCGA-55-8097	1	G12C	no alteration	no alteration	no alteration	G12C	no alteration	no alteration	no alteration	no alteration	no alteration
luad_tcga_pan_can_atlas_2018	TCGA-55-8203-01	TCGA-55-8203	1	G12C	no alteration	no alteration	no alteration	G12C	no alteration	no alteration	no alteration	no alteration	no alteration
luad_tcga_pan_can_atlas_2018	TCGA-55-8206-01	TCGA-55-8206	1	no alteration	E746_A750del	no alteration	no alteration	no alteration	no alteration	no alteration	no alteration	E746_A750del	no alteration
luad_tcga_pan_can_atlas_2018	TCGA-55-8207-01	TCGA-55-8207	1	G12C	no alteration	no alteration	no alteration	G12C	no alteration	no alteration	no alteration	no alteration	no alteration
luad_tcga_pan_can_atlas_2018	TCGA-55-8299-01	TCGA-55-8299	1	G12C	no alteration	no alteration	no alteration	G12C	no alteration	no alteration	no alteration	no alteration	no alteration
luad_tcga_pan_can_atlas_2018	TCGA-55-8302-01	TCGA-55-8302	1	G12C	no alteration	no alteration	no alteration	G12C	no alteration	no alteration	no alteration	no alteration	no alteration
luad_tcga_pan_can_atlas_2018	TCGA-55-8506-01	TCGA-55-8506	1	no alteration	L858R	no alteration	no alteration	no alteration	no alteration	no alteration	no alteration	L858R	no alteration
luad_tcga_pan_can_atlas_2018	TCGA-55-8507-01	TCGA-55-8507	1	AMP	no alteration	AMP	AMP	no alteration	no alteration	no alteration	no alteration	no alteration	no alteration
luad_tcga_pan_can_atlas_2018	TCGA-55-8508-01	TCGA-55-8508	1	G12C	no alteration	no alteration	no alteration	G12C	no alteration	no alteration	no alteration	no alteration	no alteration
luad_tcga_pan_can_atlas_2018	TCGA-55-8512-01	TCGA-55-8512	1	G12V	no alteration	no alteration	no alteration	G12V	no alteration	no alteration	no alteration	no alteration	no alteration
luad_tcga_pan_can_atlas_2018	TCGA-55-8514-01	TCGA-55-8514	1	G12A	AMP	no alteration	no alteration	G12A	no alteration	AMP	AMP	no alteration	no alteration
luad_tcga_pan_can_atlas_2018	TCGA-55-8615-01	TCGA-55-8615	1	G12C	no alteration	no alteration	no alteration	G12C	no alteration	no alteration	no alteration	no alteration	no alteration
luad_tcga_pan_can_atlas_2018	TCGA-55-8616-01	TCGA-55-8616	1	G12C	no alteration	no alteration	no alteration	G12C	no alteration	no alteration	no alteration	no alteration	no alteration
luad_tcga_pan_can_atlas_2018	TCGA-55-8620-01	TCGA-55-8620	1	no alteration	HOMDEL	no alteration	no alteration	no alteration	no alteration	HOMDEL	HOMDEL	no alteration	no alteration
luad_tcga_pan_can_atlas_2018	TCGA-55-A48Z-01	TCGA-55-A48Z	1	no alteration	AMP, G719A	no alteration	no alteration	no alteration	no alteration	AMP	AMP	G719A	no alteration
luad_tcga_pan_can_atlas_2018	TCGA-55-A490-01	TCGA-55-A490	1	G12C	no alteration	no alteration	no alteration	G12C	no alteration	no alteration	no alteration	no alteration	no alteration
luad_tcga_pan_can_atlas_2018	TCGA-55-A494-01	TCGA-55-A494	1	G12D	no alteration	no alteration	no alteration	G12D	no alteration	no alteration	no alteration	no alteration	no alteration
luad_tcga_pan_can_atlas_2018	TCGA-55-A57B-01	TCGA-55-A57B	1	no alteration	L747_T751del	no alteration	no alteration	no alteration	no alteration	no alteration	no alteration	L747_T751del	no alteration
luad_tcga_pan_can_atlas_2018	TCGA-62-8394-01	TCGA-62-8394	1	no alteration	L858R	no alteration	no alteration	no alteration	no alteration	no alteration	no alteration	L858R	no alteration
luad_tcga_pan_can_atlas_2018	TCGA-62-8398-01	TCGA-62-8398	1	G12D	no alteration	no alteration	no alteration	G12D	no alteration	no alteration	no alteration	no alteration	no alteration
luad_tcga_pan_can_atlas_2018	TCGA-62-8402-01	TCGA-62-8402	1	no alteration	E746_A750del	no alteration	no alteration	no alteration	no alteration	no alteration	no alteration	E746_A750del	no alteration
luad_tcga_pan_can_atlas_2018	TCGA-62-A46R-01	TCGA-62-A46R	1	G12A	no alteration	no alteration	no alteration	G12A	no alteration	no alteration	no alteration	no alteration	no alteration
luad_tcga_pan_can_atlas_2018	TCGA-62-A46S-01	TCGA-62-A46S	1	G13D	no alteration	no alteration	no alteration	G13D	no alteration	no alteration	no alteration	no alteration	no alteration
luad_tcga_pan_can_atlas_2018	TCGA-62-A46U-01	TCGA-62-A46U	1	no alteration	E746_A750del	no alteration	no alteration	no alteration	no alteration	no alteration	no alteration	E746_A750del	no alteration
luad_tcga_pan_can_atlas_2018	TCGA-64-1677-01	TCGA-64-1677	1	G12C	no alteration	no alteration	no alteration	G12C	no alteration	no alteration	no alteration	no alteration	no alteration
luad_tcga_pan_can_atlas_2018	TCGA-64-1681-01	TCGA-64-1681	1	no alteration	L858R	no alteration	no alteration	no alteration	no alteration	no alteration	no alteration	L858R	no alteration
luad_tcga_pan_can_atlas_2018	TCGA-64-5774-01	TCGA-64-5774	1	G12C	no alteration	no alteration	no alteration	G12C	no alteration	no alteration	no alteration	no alteration	no alteration
luad_tcga_pan_can_atlas_2018	TCGA-64-5775-01	TCGA-64-5775	1	Q61L	no alteration	no alteration	no alteration	Q61L	no alteration	no alteration	no alteration	no alteration	no alteration
luad_tcga_pan_can_atlas_2018	TCGA-64-5778-01	TCGA-64-5778	1	G12C	no alteration	no alteration	no alteration	G12C	no alteration	no alteration	no alteration	no alteration	no alteration
luad_tcga_pan_can_atlas_2018	TCGA-64-5815-01	TCGA-64-5815	1	Q61L	no alteration	no alteration	no alteration	Q61L	no alteration	no alteration	no alteration	no alteration	no alteration
luad_tcga_pan_can_atlas_2018	TCGA-67-3770-01	TCGA-67-3770	1	no alteration	L858R	no alteration	no alteration	no alteration	no alteration	no alteration	no alteration	L858R	no alteration
luad_tcga_pan_can_atlas_2018	TCGA-67-3772-01	TCGA-67-3772	1	no alteration	L858R	no alteration	no alteration	no alteration	no alteration	no alteration	no alteration	L858R	no alteration
luad_tcga_pan_can_atlas_2018	TCGA-67-3773-01	TCGA-67-3773	1	G12V	no alteration	no alteration	no alteration	G12V	no alteration	no alteration	no alteration	no alteration	no alteration
luad_tcga_pan_can_atlas_2018	TCGA-67-3774-01	TCGA-67-3774	1	AMP, G12V, G12C	no alteration	AMP	AMP	G12V, G12C	no alteration	no alteration	no alteration	no alteration	no alteration
luad_tcga_pan_can_atlas_2018	TCGA-67-4679-01	TCGA-67-4679	1	G12A	no alteration	no alteration	no alteration	G12A	no alteration	no alteration	no alteration	no alteration	no alteration
luad_tcga_pan_can_atlas_2018	TCGA-67-6217-01	TCGA-67-6217	1	no alteration	L858R	no alteration	no alteration	no alteration	no alteration	no alteration	no alteration	L858R	no alteration
luad_tcga_pan_can_atlas_2018	TCGA-69-7760-01	TCGA-69-7760	1	no alteration	AMP, E709_T710delinsD	no alteration	no alteration	no alteration	no alteration	AMP	AMP	E709_T710delinsD	no alteration
luad_tcga_pan_can_atlas_2018	TCGA-69-7763-01	TCGA-69-7763	1	no alteration	HOMDEL	no alteration	no alteration	no alteration	no alteration	HOMDEL	HOMDEL	no alteration	no alteration
luad_tcga_pan_can_atlas_2018	TCGA-69-7765-01	TCGA-69-7765	1	no alteration	Q486*	no alteration	no alteration	no alteration	no alteration	no alteration	no alteration	Q486*	no alteration
luad_tcga_pan_can_atlas_2018	TCGA-69-7973-01	TCGA-69-7973	1	G12C	no alteration	no alteration	no alteration	G12C	no alteration	no alteration	no alteration	no alteration	no alteration
luad_tcga_pan_can_atlas_2018	TCGA-69-7974-01	TCGA-69-7974	1	Q61H	no alteration	no alteration	no alteration	Q61H	no alteration	no alteration	no alteration	no alteration	no alteration
luad_tcga_pan_can_atlas_2018	TCGA-69-7978-01	TCGA-69-7978	1	G12C	no alteration	no alteration	no alteration	G12C	no alteration	no alteration	no alteration	no alteration	no alteration
luad_tcga_pan_can_atlas_2018	TCGA-69-7980-01	TCGA-69-7980	1	G12A	no alteration	no alteration	no alteration	G12A	no alteration	no alteration	no alteration	no alteration	no alteration
luad_tcga_pan_can_atlas_2018	TCGA-69-8253-01	TCGA-69-8253	1	G12D	no alteration	no alteration	no alteration	G12D	no alteration	no alteration	no alteration	no alteration	no alteration
luad_tcga_pan_can_atlas_2018	TCGA-69-8254-01	TCGA-69-8254	1	G12D	no alteration	no alteration	no alteration	G12D	no alteration	no alteration	no alteration	no alteration	no alteration
luad_tcga_pan_can_atlas_2018	TCGA-69-8255-01	TCGA-69-8255	1	AMP	no alteration	AMP	AMP	no alteration	no alteration	no alteration	no alteration	no alteration	no alteration
luad_tcga_pan_can_atlas_2018	TCGA-73-4662-01	TCGA-73-4662	1	G12C	no alteration	no alteration	no alteration	G12C	no alteration	no alteration	no alteration	no alteration	no alteration
luad_tcga_pan_can_atlas_2018	TCGA-73-4668-01	TCGA-73-4668	1	AMP	no alteration	AMP	AMP	no alteration	no alteration	no alteration	no alteration	no alteration	no alteration
luad_tcga_pan_can_atlas_2018	TCGA-73-4670-01	TCGA-73-4670	1	A146P	no alteration	no alteration	no alteration	A146P	no alteration	no alteration	no alteration	no alteration	no alteration
luad_tcga_pan_can_atlas_2018	TCGA-73-4677-01	TCGA-73-4677	1	G12A	no alteration	no alteration	no alteration	G12A	no alteration	no alteration	no alteration	no alteration	no alteration
luad_tcga_pan_can_atlas_2018	TCGA-73-7498-01	TCGA-73-7498	1	G12C	no alteration	no alteration	no alteration	G12C	no alteration	no alteration	no alteration	no alteration	no alteration
luad_tcga_pan_can_atlas_2018	TCGA-75-5122-01	TCGA-75-5122	1	AMP, KRAS-SLC2A14	no alteration	AMP	AMP	no alteration	KRAS-SLC2A14	no alteration	no alteration	no alteration	no alteration
luad_tcga_pan_can_atlas_2018	TCGA-75-5126-01	TCGA-75-5126	1	G12C	no alteration	no alteration	no alteration	G12C	no alteration	no alteration	no alteration	no alteration	no alteration
luad_tcga_pan_can_atlas_2018	TCGA-75-6206-01	TCGA-75-6206	1	G13D	no alteration	no alteration	no alteration	G13D	no alteration	no alteration	no alteration	no alteration	no alteration
luad_tcga_pan_can_atlas_2018	TCGA-75-6207-01	TCGA-75-6207	1	no alteration	E746_A750del	no alteration	no alteration	no alteration	no alteration	no alteration	no alteration	E746_A750del	no alteration
luad_tcga_pan_can_atlas_2018	TCGA-75-6211-01	TCGA-75-6211	1	no alteration	AMP	no alteration	no alteration	no alteration	no alteration	AMP	AMP	no alteration	no alteration
luad_tcga_pan_can_atlas_2018	TCGA-75-6212-01	TCGA-75-6212	1	no alteration	L747_A750delinsP	no alteration	no alteration	no alteration	no alteration	no alteration	no alteration	L747_A750delinsP	no alteration
luad_tcga_pan_can_atlas_2018	TCGA-75-6214-01	TCGA-75-6214	1	no alteration	AMP	no alteration	no alteration	no alteration	no alteration	AMP	AMP	no alteration	no alteration
luad_tcga_pan_can_atlas_2018	TCGA-75-7025-01	TCGA-75-7025	1	no alteration	E746_A750del	no alteration	no alteration	no alteration	no alteration	no alteration	no alteration	E746_A750del	no alteration
luad_tcga_pan_can_atlas_2018	TCGA-75-7027-01	TCGA-75-7027	1	G12V	no alteration	no alteration	no alteration	G12V	no alteration	no alteration	no alteration	no alteration	no alteration
luad_tcga_pan_can_atlas_2018	TCGA-75-7030-01	TCGA-75-7030	1	G12D	no alteration	no alteration	no alteration	G12D	no alteration	no alteration	no alteration	no alteration	no alteration
luad_tcga_pan_can_atlas_2018	TCGA-78-7145-01	TCGA-78-7145	1	G12D, G12C	no alteration	no alteration	no alteration	G12D, G12C	no alteration	no alteration	no alteration	no alteration	no alteration
luad_tcga_pan_can_atlas_2018	TCGA-78-7147-01	TCGA-78-7147	1	no alteration	L861Q, L387M, D1083Efs*11	no alteration	no alteration	no alteration	no alteration	no alteration	no alteration	L861Q, L387M, D1083Efs*11	no alteration
luad_tcga_pan_can_atlas_2018	TCGA-78-7148-01	TCGA-78-7148	1	G12C	no alteration	no alteration	no alteration	G12C	no alteration	no alteration	no alteration	no alteration	no alteration
luad_tcga_pan_can_atlas_2018	TCGA-78-7155-01	TCGA-78-7155	1	no alteration	AMP, K754I, Q432H, G901V	no alteration	no alteration	no alteration	no alteration	AMP	AMP	K754I, Q432H, G901V	no alteration
luad_tcga_pan_can_atlas_2018	TCGA-78-7158-01	TCGA-78-7158	1	no alteration	L907M	no alteration	no alteration	no alteration	no alteration	no alteration	no alteration	L907M	no alteration
luad_tcga_pan_can_atlas_2018	TCGA-78-7160-01	TCGA-78-7160	1	G12D	no alteration	no alteration	no alteration	G12D	no alteration	no alteration	no alteration	no alteration	no alteration
luad_tcga_pan_can_atlas_2018	TCGA-78-7161-01	TCGA-78-7161	1	G12V	no alteration	no alteration	no alteration	G12V	no alteration	no alteration	no alteration	no alteration	no alteration
luad_tcga_pan_can_atlas_2018	TCGA-78-7166-01	TCGA-78-7166	1	G12C	no alteration	no alteration	no alteration	G12C	no alteration	no alteration	no alteration	no alteration	no alteration
luad_tcga_pan_can_atlas_2018	TCGA-78-7167-01	TCGA-78-7167	1	G12V, G12C	no alteration	no alteration	no alteration	G12V, G12C	no alteration	no alteration	no alteration	no alteration	no alteration
luad_tcga_pan_can_atlas_2018	TCGA-78-7220-01	TCGA-78-7220	1	no alteration	HOMDEL	no alteration	no alteration	no alteration	no alteration	HOMDEL	HOMDEL	no alteration	no alteration
luad_tcga_pan_can_atlas_2018	TCGA-78-7539-01	TCGA-78-7539	1	G12C	no alteration	no alteration	no alteration	G12C	no alteration	no alteration	no alteration	no alteration	no alteration
luad_tcga_pan_can_atlas_2018	TCGA-78-7540-01	TCGA-78-7540	1	G12V	no alteration	no alteration	no alteration	G12V	no alteration	no alteration	no alteration	no alteration	no alteration
luad_tcga_pan_can_atlas_2018	TCGA-78-8655-01	TCGA-78-8655	1	G12S	no alteration	no alteration	no alteration	G12S	no alteration	no alteration	no alteration	no alteration	no alteration
luad_tcga_pan_can_atlas_2018	TCGA-80-5608-01	TCGA-80-5608	1	G12A	no alteration	no alteration	no alteration	G12A	no alteration	no alteration	no alteration	no alteration	no alteration
luad_tcga_pan_can_atlas_2018	TCGA-83-5908-01	TCGA-83-5908	1	G12A	no alteration	no alteration	no alteration	G12A	no alteration	no alteration	no alteration	no alteration	no alteration
luad_tcga_pan_can_atlas_2018	TCGA-86-7713-01	TCGA-86-7713	1	G12C	no alteration	no alteration	no alteration	G12C	no alteration	no alteration	no alteration	no alteration	no alteration
luad_tcga_pan_can_atlas_2018	TCGA-86-7953-01	TCGA-86-7953	1	G12D	no alteration	no alteration	no alteration	G12D	no alteration	no alteration	no alteration	no alteration	no alteration
luad_tcga_pan_can_atlas_2018	TCGA-86-7954-01	TCGA-86-7954	1	AMP	no alteration	AMP	AMP	no alteration	no alteration	no alteration	no alteration	no alteration	no alteration
luad_tcga_pan_can_atlas_2018	TCGA-86-8054-01	TCGA-86-8054	1	G12V	no alteration	no alteration	no alteration	G12V	no alteration	no alteration	no alteration	no alteration	no alteration
luad_tcga_pan_can_atlas_2018	TCGA-86-8055-01	TCGA-86-8055	1	no alteration	AMP, L858R	no alteration	no alteration	no alteration	no alteration	AMP	AMP	L858R	no alteration
luad_tcga_pan_can_atlas_2018	TCGA-86-8056-01	TCGA-86-8056	1	G12D	no alteration	no alteration	no alteration	G12D	no alteration	no alteration	no alteration	no alteration	no alteration
luad_tcga_pan_can_atlas_2018	TCGA-86-8074-01	TCGA-86-8074	1	no alteration	AMP, E746_A750del	no alteration	no alteration	no alteration	no alteration	AMP	AMP	E746_A750del	no alteration
luad_tcga_pan_can_atlas_2018	TCGA-86-8075-01	TCGA-86-8075	1	no alteration	L858R	no alteration	no alteration	no alteration	no alteration	no alteration	no alteration	L858R	no alteration
luad_tcga_pan_can_atlas_2018	TCGA-86-8076-01	TCGA-86-8076	1	G12D	no alteration	no alteration	no alteration	G12D	no alteration	no alteration	no alteration	no alteration	no alteration
luad_tcga_pan_can_atlas_2018	TCGA-86-8280-01	TCGA-86-8280	1	no alteration	E746_A750del	no alteration	no alteration	no alteration	no alteration	no alteration	no alteration	E746_A750del	no alteration
luad_tcga_pan_can_atlas_2018	TCGA-86-8359-01	TCGA-86-8359	1	G12A	no alteration	no alteration	no alteration	G12A	no alteration	no alteration	no alteration	no alteration	no alteration
luad_tcga_pan_can_atlas_2018	TCGA-86-8668-01	TCGA-86-8668	1	no alteration	L858R	no alteration	no alteration	no alteration	no alteration	no alteration	no alteration	L858R	no alteration
luad_tcga_pan_can_atlas_2018	TCGA-86-8674-01	TCGA-86-8674	1	G13C	no alteration	no alteration	no alteration	G13C	no alteration	no alteration	no alteration	no alteration	no alteration
luad_tcga_pan_can_atlas_2018	TCGA-86-A456-01	TCGA-86-A456	1	G12V	no alteration	no alteration	no alteration	G12V	no alteration	no alteration	no alteration	no alteration	no alteration
luad_tcga_pan_can_atlas_2018	TCGA-86-A4JF-01	TCGA-86-A4JF	1	G12V	no alteration	no alteration	no alteration	G12V	no alteration	no alteration	no alteration	no alteration	no alteration
luad_tcga_pan_can_atlas_2018	TCGA-86-A4P7-01	TCGA-86-A4P7	1	no alteration	E709_T710delinsD	no alteration	no alteration	no alteration	no alteration	no alteration	no alteration	E709_T710delinsD	no alteration
luad_tcga_pan_can_atlas_2018	TCGA-91-6828-01	TCGA-91-6828	1	G12V	no alteration	no alteration	no alteration	G12V	no alteration	no alteration	no alteration	no alteration	no alteration
luad_tcga_pan_can_atlas_2018	TCGA-91-6835-01	TCGA-91-6835	1	AMP	L858R	AMP	AMP	no alteration	no alteration	no alteration	no alteration	L858R	no alteration
luad_tcga_pan_can_atlas_2018	TCGA-91-6836-01	TCGA-91-6836	1	AMP, G12A	no alteration	AMP	AMP	G12A	no alteration	no alteration	no alteration	no alteration	no alteration
luad_tcga_pan_can_atlas_2018	TCGA-91-6847-01	TCGA-91-6847	1	no alteration	AMP	no alteration	no alteration	no alteration	no alteration	AMP	AMP	no alteration	no alteration
luad_tcga_pan_can_atlas_2018	TCGA-91-6849-01	TCGA-91-6849	1	G12C	no alteration	no alteration	no alteration	G12C	no alteration	no alteration	no alteration	no alteration	no alteration
luad_tcga_pan_can_atlas_2018	TCGA-93-7347-01	TCGA-93-7347	1	G12C	no alteration	no alteration	no alteration	G12C	no alteration	no alteration	no alteration	no alteration	no alteration
luad_tcga_pan_can_atlas_2018	TCGA-93-8067-01	TCGA-93-8067	1	G12V	no alteration	no alteration	no alteration	G12V	no alteration	no alteration	no alteration	no alteration	no alteration
luad_tcga_pan_can_atlas_2018	TCGA-93-A4JO-01	TCGA-93-A4JO	1	G12D	no alteration	no alteration	no alteration	G12D	no alteration	no alteration	no alteration	no alteration	no alteration
luad_tcga_pan_can_atlas_2018	TCGA-93-A4JP-01	TCGA-93-A4JP	1	no alteration	L861Q	no alteration	no alteration	no alteration	no alteration	no alteration	no alteration	L861Q	no alteration
luad_tcga_pan_can_atlas_2018	TCGA-95-7039-01	TCGA-95-7039	1	D33E	S921R	no alteration	no alteration	D33E	no alteration	no alteration	no alteration	S921R	no alteration
luad_tcga_pan_can_atlas_2018	TCGA-95-7562-01	TCGA-95-7562	1	G12C	no alteration	no alteration	no alteration	G12C	no alteration	no alteration	no alteration	no alteration	no alteration
luad_tcga_pan_can_atlas_2018	TCGA-95-7567-01	TCGA-95-7567	1	G12V	no alteration	no alteration	no alteration	G12V	no alteration	no alteration	no alteration	no alteration	no alteration
luad_tcga_pan_can_atlas_2018	TCGA-95-7947-01	TCGA-95-7947	1	no alteration	I91V, R1052I	no alteration	no alteration	no alteration	no alteration	no alteration	no alteration	I91V, R1052I	no alteration
luad_tcga_pan_can_atlas_2018	TCGA-95-8494-01	TCGA-95-8494	1	AMP	no alteration	AMP	AMP	no alteration	no alteration	no alteration	no alteration	no alteration	no alteration
luad_tcga_pan_can_atlas_2018	TCGA-95-A4VK-01	TCGA-95-A4VK	1	G12V	no alteration	no alteration	no alteration	G12V	no alteration	no alteration	no alteration	no alteration	no alteration
luad_tcga_pan_can_atlas_2018	TCGA-95-A4VN-01	TCGA-95-A4VN	1	G12V	no alteration	no alteration	no alteration	G12V	no alteration	no alteration	no alteration	no alteration	no alteration
luad_tcga_pan_can_atlas_2018	TCGA-95-A4VP-01	TCGA-95-A4VP	1	G12V	no alteration	no alteration	no alteration	G12V	no alteration	no alteration	no alteration	no alteration	no alteration
luad_tcga_pan_can_atlas_2018	TCGA-97-7554-01	TCGA-97-7554	1	G12V	no alteration	no alteration	no alteration	G12V	no alteration	no alteration	no alteration	no alteration	no alteration
luad_tcga_pan_can_atlas_2018	TCGA-97-7938-01	TCGA-97-7938	1	G12C	no alteration	no alteration	no alteration	G12C	no alteration	no alteration	no alteration	no alteration	no alteration
luad_tcga_pan_can_atlas_2018	TCGA-97-7941-01	TCGA-97-7941	1	G12A	no alteration	no alteration	no alteration	G12A	no alteration	no alteration	no alteration	no alteration	no alteration
luad_tcga_pan_can_atlas_2018	TCGA-97-8171-01	TCGA-97-8171	1	no alteration	E746_A750del	no alteration	no alteration	no alteration	no alteration	no alteration	no alteration	E746_A750del	no alteration
luad_tcga_pan_can_atlas_2018	TCGA-97-8172-01	TCGA-97-8172	1	no alteration	G627*	no alteration	no alteration	no alteration	no alteration	no alteration	no alteration	G627*	no alteration
luad_tcga_pan_can_atlas_2018	TCGA-97-8176-01	TCGA-97-8176	1	G12S	no alteration	no alteration	no alteration	G12S	no alteration	no alteration	no alteration	no alteration	no alteration
luad_tcga_pan_can_atlas_2018	TCGA-97-8177-01	TCGA-97-8177	1	no alteration	L858R	no alteration	no alteration	no alteration	no alteration	no alteration	no alteration	L858R	no alteration
luad_tcga_pan_can_atlas_2018	TCGA-97-8179-01	TCGA-97-8179	1	L19F	no alteration	no alteration	no alteration	L19F	no alteration	no alteration	no alteration	no alteration	no alteration
luad_tcga_pan_can_atlas_2018	TCGA-97-8547-01	TCGA-97-8547	1	no alteration	E746_A750del	no alteration	no alteration	no alteration	no alteration	no alteration	no alteration	E746_A750del	no alteration
luad_tcga_pan_can_atlas_2018	TCGA-97-8552-01	TCGA-97-8552	1	no alteration	E746_A750del	no alteration	no alteration	no alteration	no alteration	no alteration	no alteration	E746_A750del	no alteration
luad_tcga_pan_can_atlas_2018	TCGA-97-A4M0-01	TCGA-97-A4M0	1	G12C	no alteration	no alteration	no alteration	G12C	no alteration	no alteration	no alteration	no alteration	no alteration
luad_tcga_pan_can_atlas_2018	TCGA-97-A4M1-01	TCGA-97-A4M1	1	no alteration	L858R	no alteration	no alteration	no alteration	no alteration	no alteration	no alteration	L858R	no alteration
luad_tcga_pan_can_atlas_2018	TCGA-97-A4M5-01	TCGA-97-A4M5	1	G12C	no alteration	no alteration	no alteration	G12C	no alteration	no alteration	no alteration	no alteration	no alteration
luad_tcga_pan_can_atlas_2018	TCGA-97-A4M6-01	TCGA-97-A4M6	1	no alteration	E746_A750del	no alteration	no alteration	no alteration	no alteration	no alteration	no alteration	E746_A750del	no alteration
luad_tcga_pan_can_atlas_2018	TCGA-97-A4M7-01	TCGA-97-A4M7	1	no alteration	L858R	no alteration	no alteration	no alteration	no alteration	no alteration	no alteration	L858R	no alteration
luad_tcga_pan_can_atlas_2018	TCGA-99-8025-01	TCGA-99-8025	1	G13C	no alteration	no alteration	no alteration	G13C	no alteration	no alteration	no alteration	no alteration	no alteration
luad_tcga_pan_can_atlas_2018	TCGA-99-8028-01	TCGA-99-8028	1	AMP, G12C	no alteration	AMP	AMP	G12C	no alteration	no alteration	no alteration	no alteration	no alteration
luad_tcga_pan_can_atlas_2018	TCGA-99-8032-01	TCGA-99-8032	1	G12C	no alteration	no alteration	no alteration	G12C	no alteration	no alteration	no alteration	no alteration	no alteration
luad_tcga_pan_can_atlas_2018	TCGA-99-8033-01	TCGA-99-8033	1	G13C	no alteration	no alteration	no alteration	G13C	no alteration	no alteration	no alteration	no alteration	no alteration
luad_tcga_pan_can_atlas_2018	TCGA-J2-8192-01	TCGA-J2-8192	1	no alteration	E746_A750del	no alteration	no alteration	no alteration	no alteration	no alteration	no alteration	E746_A750del	no alteration
luad_tcga_pan_can_atlas_2018	TCGA-J2-8194-01	TCGA-J2-8194	1	G12C	no alteration	no alteration	no alteration	G12C	no alteration	no alteration	no alteration	no alteration	no alteration
luad_tcga_pan_can_atlas_2018	TCGA-J2-A4AG-01	TCGA-J2-A4AG	1	G12D	no alteration	no alteration	no alteration	G12D	no alteration	no alteration	no alteration	no alteration	no alteration
luad_tcga_pan_can_atlas_2018	TCGA-L9-A443-01	TCGA-L9-A443	1	G12V	no alteration	no alteration	no alteration	G12V	no alteration	no alteration	no alteration	no alteration	no alteration
luad_tcga_pan_can_atlas_2018	TCGA-L9-A444-01	TCGA-L9-A444	1	no alteration	AMP	no alteration	no alteration	no alteration	no alteration	AMP	AMP	no alteration	no alteration
luad_tcga_pan_can_atlas_2018	TCGA-L9-A50W-01	TCGA-L9-A50W	1	no alteration	L858R, T790M	no alteration	no alteration	no alteration	no alteration	no alteration	no alteration	L858R, T790M	no alteration
luad_tcga_pan_can_atlas_2018	TCGA-MN-A4N5-01	TCGA-MN-A4N5	1	AMP, G12C	no alteration	AMP	AMP	G12C	no alteration	no alteration	no alteration	no alteration	no alteration
luad_tcga_pan_can_atlas_2018	TCGA-MP-A4SW-01	TCGA-MP-A4SW	1	no alteration	AMP, L858R	no alteration	no alteration	no alteration	no alteration	AMP	AMP	L858R	no alteration
luad_tcga_pan_can_atlas_2018	TCGA-MP-A4SY-01	TCGA-MP-A4SY	1	G12D	no alteration	no alteration	no alteration	G12D	no alteration	no alteration	no alteration	no alteration	no alteration
luad_tcga_pan_can_atlas_2018	TCGA-MP-A4T4-01	TCGA-MP-A4T4	1	G12V	no alteration	no alteration	no alteration	G12V	no alteration	no alteration	no alteration	no alteration	no alteration
luad_tcga_pan_can_atlas_2018	TCGA-MP-A4T6-01	TCGA-MP-A4T6	1	no alteration	L747_A750delinsP	no alteration	no alteration	no alteration	no alteration	no alteration	no alteration	L747_A750delinsP	no alteration
luad_tcga_pan_can_atlas_2018	TCGA-MP-A4T7-01	TCGA-MP-A4T7	1	G12V	no alteration	no alteration	no alteration	G12V	no alteration	no alteration	no alteration	no alteration	no alteration
luad_tcga_pan_can_atlas_2018	TCGA-MP-A4T8-01	TCGA-MP-A4T8	1	G12D	no alteration	no alteration	no alteration	G12D	no alteration	no alteration	no alteration	no alteration	no alteration
luad_tcga_pan_can_atlas_2018	TCGA-MP-A4T9-01	TCGA-MP-A4T9	1	no alteration	AMP, L858R	no alteration	no alteration	no alteration	no alteration	AMP	AMP	L858R	no alteration
luad_tcga_pan_can_atlas_2018	TCGA-MP-A4TD-01	TCGA-MP-A4TD	1	G12C	no alteration	no alteration	no alteration	G12C	no alteration	no alteration	no alteration	no alteration	no alteration
luad_tcga_pan_can_atlas_2018	TCGA-MP-A4TE-01	TCGA-MP-A4TE	1	G12C	no alteration	no alteration	no alteration	G12C	no alteration	no alteration	no alteration	no alteration	no alteration
luad_tcga_pan_can_atlas_2018	TCGA-MP-A4TF-01	TCGA-MP-A4TF	1	AMP, G12C	AMP	AMP	AMP	G12C	no alteration	AMP	AMP	no alteration	no alteration
luad_tcga_pan_can_atlas_2018	TCGA-MP-A4TI-01	TCGA-MP-A4TI	1	G12C	no alteration	no alteration	no alteration	G12C	no alteration	no alteration	no alteration	no alteration	no alteration
luad_tcga_pan_can_atlas_2018	TCGA-MP-A4TK-01	TCGA-MP-A4TK	1	AMP, G12V	no alteration	AMP	AMP	G12V	no alteration	no alteration	no alteration	no alteration	no alteration
luad_tcga_pan_can_atlas_2018	TCGA-NJ-A4YG-01	TCGA-NJ-A4YG	1	G12D	no alteration	no alteration	no alteration	G12D	no alteration	no alteration	no alteration	no alteration	no alteration
luad_tcga_pan_can_atlas_2018	TCGA-NJ-A4YI-01	TCGA-NJ-A4YI	1	G12C	no alteration	no alteration	no alteration	G12C	no alteration	no alteration	no alteration	no alteration	no alteration
luad_tcga_pan_can_atlas_2018	TCGA-NJ-A4YP-01	TCGA-NJ-A4YP	1	L19F	no alteration	no alteration	no alteration	L19F	no alteration	no alteration	no alteration	no alteration	no alteration
luad_tcga_pan_can_atlas_2018	TCGA-NJ-A55O-01	TCGA-NJ-A55O	1	G12C	no alteration	no alteration	no alteration	G12C	no alteration	no alteration	no alteration	no alteration	no alteration
luad_tcga_pan_can_atlas_2018	TCGA-NJ-A55R-01	TCGA-NJ-A55R	1	G12A	no alteration	no alteration	no alteration	G12A	no alteration	no alteration	no alteration	no alteration	no alteration
luad_tcga_pan_can_atlas_2018	TCGA-05-4384-01	TCGA-05-4384	0	no alteration	no alteration	no alteration	no alteration	no alteration	no alteration	no alteration	no alteration	no alteration	no alteration
luad_tcga_pan_can_atlas_2018	TCGA-05-4389-01	TCGA-05-4389	0	no alteration	no alteration	no alteration	no alteration	no alteration	no alteration	no alteration	no alteration	no alteration	no alteration
luad_tcga_pan_can_atlas_2018	TCGA-05-4396-01	TCGA-05-4396	0	no alteration	no alteration	no alteration	no alteration	no alteration	no alteration	no alteration	no alteration	no alteration	no alteration
luad_tcga_pan_can_atlas_2018	TCGA-05-4397-01	TCGA-05-4397	0	no alteration	no alteration	no alteration	no alteration	no alteration	no alteration	no alteration	no alteration	no alteration	no alteration
luad_tcga_pan_can_atlas_2018	TCGA-05-4398-01	TCGA-05-4398	0	no alteration	no alteration	no alteration	no alteration	no alteration	no alteration	no alteration	no alteration	no alteration	no alteration
luad_tcga_pan_can_atlas_2018	TCGA-05-4420-01	TCGA-05-4420	0	no alteration	no alteration	no alteration	no alteration	no alteration	no alteration	no alteration	no alteration	no alteration	no alteration
luad_tcga_pan_can_atlas_2018	TCGA-05-4422-01	TCGA-05-4422	0	no alteration	no alteration	no alteration	no alteration	no alteration	no alteration	no alteration	no alteration	no alteration	no alteration
luad_tcga_pan_can_atlas_2018	TCGA-05-4424-01	TCGA-05-4424	0	no alteration	no alteration	no alteration	no alteration	no alteration	no alteration	no alteration	no alteration	no alteration	no alteration
luad_tcga_pan_can_atlas_2018	TCGA-05-4425-01	TCGA-05-4425	0	no alteration	no alteration	no alteration	no alteration	no alteration	no alteration	no alteration	no alteration	no alteration	no alteration
luad_tcga_pan_can_atlas_2018	TCGA-05-4426-01	TCGA-05-4426	0	no alteration	no alteration	no alteration	no alteration	no alteration	no alteration	no alteration	no alteration	no alteration	no alteration
luad_tcga_pan_can_atlas_2018	TCGA-05-4430-01	TCGA-05-4430	0	no alteration	no alteration	no alteration	no alteration	no alteration	no alteration	no alteration	no alteration	no alteration	no alteration
luad_tcga_pan_can_atlas_2018	TCGA-05-4432-01	TCGA-05-4432	0	no alteration	no alteration	no alteration	no alteration	no alteration	no alteration	no alteration	no alteration	no alteration	no alteration
luad_tcga_pan_can_atlas_2018	TCGA-05-4434-01	TCGA-05-4434	0	no alteration	no alteration	no alteration	no alteration	no alteration	no alteration	no alteration	no alteration	no alteration	no alteration
luad_tcga_pan_can_atlas_2018	TCGA-05-5425-01	TCGA-05-5425	0	no alteration	no alteration	no alteration	no alteration	no alteration	no alteration	no alteration	no alteration	no alteration	no alteration
luad_tcga_pan_can_atlas_2018	TCGA-05-5428-01	TCGA-05-5428	0	no alteration	no alteration	no alteration	no alteration	no alteration	no alteration	no alteration	no alteration	no alteration	no alteration
luad_tcga_pan_can_atlas_2018	TCGA-05-5429-01	TCGA-05-5429	0	no alteration	no alteration	no alteration	no alteration	no alteration	no alteration	no alteration	no alteration	no alteration	no alteration
luad_tcga_pan_can_atlas_2018	TCGA-05-5715-01	TCGA-05-5715	0	no alteration	no alteration	no alteration	no alteration	no alteration	no alteration	no alteration	no alteration	no alteration	no alteration
luad_tcga_pan_can_atlas_2018	TCGA-35-4122-01	TCGA-35-4122	0	no alteration	no alteration	no alteration	no alteration	no alteration	no alteration	no alteration	no alteration	no alteration	no alteration
luad_tcga_pan_can_atlas_2018	TCGA-35-4123-01	TCGA-35-4123	0	no alteration	no alteration	no alteration	no alteration	no alteration	no alteration	no alteration	no alteration	no alteration	no alteration
luad_tcga_pan_can_atlas_2018	TCGA-35-5375-01	TCGA-35-5375	0	no alteration	no alteration	no alteration	no alteration	no alteration	no alteration	no alteration	no alteration	no alteration	no alteration
luad_tcga_pan_can_atlas_2018	TCGA-38-4625-01	TCGA-38-4625	0	no alteration	no alteration	no alteration	no alteration	no alteration	no alteration	no alteration	no alteration	no alteration	no alteration
luad_tcga_pan_can_atlas_2018	TCGA-38-4626-01	TCGA-38-4626	0	no alteration	no alteration	no alteration	no alteration	no alteration	no alteration	no alteration	no alteration	no alteration	no alteration
luad_tcga_pan_can_atlas_2018	TCGA-38-4631-01	TCGA-38-4631	0	no alteration	no alteration	no alteration	no alteration	no alteration	no alteration	no alteration	no alteration	no alteration	no alteration
luad_tcga_pan_can_atlas_2018	TCGA-38-4632-01	TCGA-38-4632	0	no alteration	no alteration	no alteration	no alteration	no alteration	no alteration	no alteration	no alteration	no alteration	no alteration
luad_tcga_pan_can_atlas_2018	TCGA-38-7271-01	TCGA-38-7271	0	no alteration	no alteration	no alteration	no alteration	no alteration	no alteration	no alteration	no alteration	no alteration	no alteration
luad_tcga_pan_can_atlas_2018	TCGA-38-A44F-01	TCGA-38-A44F	0	no alteration	no alteration	no alteration	no alteration	no alteration	no alteration	no alteration	no alteration	no alteration	no alteration
luad_tcga_pan_can_atlas_2018	TCGA-44-2655-01	TCGA-44-2655	0	no alteration	no alteration	no alteration	no alteration	no alteration	no alteration	no alteration	no alteration	no alteration	no alteration
luad_tcga_pan_can_atlas_2018	TCGA-44-2656-01	TCGA-44-2656	0	no alteration	no alteration	no alteration	no alteration	no alteration	no alteration	no alteration	no alteration	no alteration	no alteration
luad_tcga_pan_can_atlas_2018	TCGA-44-2657-01	TCGA-44-2657	0	no alteration	no alteration	no alteration	no alteration	no alteration	no alteration	no alteration	no alteration	no alteration	no alteration
luad_tcga_pan_can_atlas_2018	TCGA-44-2659-01	TCGA-44-2659	0	no alteration	no alteration	no alteration	no alteration	no alteration	no alteration	no alteration	no alteration	no alteration	no alteration
luad_tcga_pan_can_atlas_2018	TCGA-44-2662-01	TCGA-44-2662	0	no alteration	no alteration	no alteration	no alteration	no alteration	no alteration	no alteration	no alteration	no alteration	no alteration
luad_tcga_pan_can_atlas_2018	TCGA-44-2665-01	TCGA-44-2665	0	no alteration	no alteration	no alteration	no alteration	no alteration	no alteration	no alteration	no alteration	no alteration	no alteration
luad_tcga_pan_can_atlas_2018	TCGA-44-2666-01	TCGA-44-2666	0	no alteration	no alteration	no alteration	no alteration	no alteration	no alteration	no alteration	no alteration	no alteration	no alteration
luad_tcga_pan_can_atlas_2018	TCGA-44-2668-01	TCGA-44-2668	0	no alteration	no alteration	no alteration	no alteration	no alteration	no alteration	no alteration	no alteration	no alteration	no alteration
luad_tcga_pan_can_atlas_2018	TCGA-44-3396-01	TCGA-44-3396	0	no alteration	no alteration	no alteration	no alteration	no alteration	no alteration	no alteration	no alteration	no alteration	no alteration
luad_tcga_pan_can_atlas_2018	TCGA-44-3398-01	TCGA-44-3398	0	no alteration	no alteration	no alteration	no alteration	no alteration	no alteration	no alteration	no alteration	no alteration	no alteration
luad_tcga_pan_can_atlas_2018	TCGA-44-3918-01	TCGA-44-3918	0	no alteration	no alteration	no alteration	no alteration	no alteration	no alteration	no alteration	no alteration	no alteration	no alteration
luad_tcga_pan_can_atlas_2018	TCGA-44-3919-01	TCGA-44-3919	0	no alteration	no alteration	no alteration	no alteration	no alteration	no alteration	no alteration	no alteration	no alteration	no alteration
luad_tcga_pan_can_atlas_2018	TCGA-44-4112-01	TCGA-44-4112	0	no alteration	no alteration	no alteration	no alteration	no alteration	no alteration	no alteration	no alteration	no alteration	no alteration
luad_tcga_pan_can_atlas_2018	TCGA-44-5643-01	TCGA-44-5643	0	no alteration	no alteration	no alteration	no alteration	no alteration	no alteration	no alteration	no alteration	no alteration	no alteration
luad_tcga_pan_can_atlas_2018	TCGA-44-5644-01	TCGA-44-5644	0	no alteration	no alteration	no alteration	no alteration	no alteration	no alteration	no alteration	no alteration	no alteration	no alteration
luad_tcga_pan_can_atlas_2018	TCGA-44-6148-01	TCGA-44-6148	0	no alteration	no alteration	no alteration	no alteration	no alteration	no alteration	no alteration	no alteration	no alteration	no alteration
luad_tcga_pan_can_atlas_2018	TCGA-44-6774-01	TCGA-44-6774	0	no alteration	no alteration	no alteration	no alteration	no alteration	no alteration	no alteration	no alteration	no alteration	no alteration
luad_tcga_pan_can_atlas_2018	TCGA-44-6775-01	TCGA-44-6775	0	no alteration	no alteration	no alteration	no alteration	no alteration	no alteration	no alteration	no alteration	no alteration	no alteration
luad_tcga_pan_can_atlas_2018	TCGA-44-6777-01	TCGA-44-6777	0	no alteration	no alteration	no alteration	no alteration	no alteration	no alteration	no alteration	no alteration	no alteration	no alteration
luad_tcga_pan_can_atlas_2018	TCGA-44-6778-01	TCGA-44-6778	0	no alteration	no alteration	no alteration	no alteration	no alteration	no alteration	no alteration	no alteration	no alteration	no alteration
luad_tcga_pan_can_atlas_2018	TCGA-44-6779-01	TCGA-44-6779	0	no alteration	no alteration	no alteration	no alteration	no alteration	no alteration	no alteration	no alteration	no alteration	no alteration
luad_tcga_pan_can_atlas_2018	TCGA-44-7660-01	TCGA-44-7660	0	no alteration	no alteration	no alteration	no alteration	no alteration	no alteration	no alteration	no alteration	no alteration	no alteration
luad_tcga_pan_can_atlas_2018	TCGA-44-7662-01	TCGA-44-7662	0	no alteration	no alteration	no alteration	no alteration	no alteration	no alteration	no alteration	no alteration	no alteration	no alteration
luad_tcga_pan_can_atlas_2018	TCGA-44-7667-01	TCGA-44-7667	0	no alteration	no alteration	no alteration	no alteration	no alteration	no alteration	no alteration	no alteration	no alteration	no alteration
luad_tcga_pan_can_atlas_2018	TCGA-44-7669-01	TCGA-44-7669	0	no alteration	no alteration	no alteration	no alteration	no alteration	no alteration	no alteration	no alteration	no alteration	no alteration
luad_tcga_pan_can_atlas_2018	TCGA-44-7670-01	TCGA-44-7670	0	no alteration	no alteration	no alteration	no alteration	no alteration	no alteration	no alteration	no alteration	no alteration	no alteration
luad_tcga_pan_can_atlas_2018	TCGA-44-8119-01	TCGA-44-8119	0	no alteration	no alteration	no alteration	no alteration	no alteration	no alteration	no alteration	no alteration	no alteration	no alteration
luad_tcga_pan_can_atlas_2018	TCGA-44-8120-01	TCGA-44-8120	0	no alteration	no alteration	no alteration	no alteration	no alteration	no alteration	no alteration	no alteration	no alteration	no alteration
luad_tcga_pan_can_atlas_2018	TCGA-44-A47B-01	TCGA-44-A47B	0	no alteration	no alteration	no alteration	no alteration	no alteration	no alteration	no alteration	no alteration	no alteration	no alteration
luad_tcga_pan_can_atlas_2018	TCGA-44-A47G-01	TCGA-44-A47G	0	no alteration	no alteration	no alteration	no alteration	no alteration	no alteration	no alteration	no alteration	no alteration	no alteration
luad_tcga_pan_can_atlas_2018	TCGA-44-A4SS-01	TCGA-44-A4SS	0	no alteration	no alteration	no alteration	no alteration	no alteration	no alteration	no alteration	no alteration	no alteration	no alteration
luad_tcga_pan_can_atlas_2018	TCGA-49-4486-01	TCGA-49-4486	0	no alteration	no alteration	no alteration	no alteration	no alteration	no alteration	no alteration	no alteration	no alteration	no alteration
luad_tcga_pan_can_atlas_2018	TCGA-49-4487-01	TCGA-49-4487	0	no alteration	no alteration	no alteration	no alteration	no alteration	no alteration	no alteration	no alteration	no alteration	no alteration
luad_tcga_pan_can_atlas_2018	TCGA-49-4488-01	TCGA-49-4488	0	no alteration	no alteration	no alteration	no alteration	no alteration	no alteration	no alteration	no alteration	no alteration	no alteration
luad_tcga_pan_can_atlas_2018	TCGA-49-4507-01	TCGA-49-4507	0	no alteration	no alteration	no alteration	no alteration	no alteration	no alteration	no alteration	no alteration	no alteration	no alteration
luad_tcga_pan_can_atlas_2018	TCGA-49-4512-01	TCGA-49-4512	0	no alteration	no alteration	no alteration	no alteration	no alteration	no alteration	no alteration	no alteration	no alteration	no alteration
luad_tcga_pan_can_atlas_2018	TCGA-49-4514-01	TCGA-49-4514	0	no alteration	no alteration	no alteration	no alteration	no alteration	no alteration	no alteration	no alteration	no alteration	no alteration
luad_tcga_pan_can_atlas_2018	TCGA-49-6742-01	TCGA-49-6742	0	no alteration	no alteration	no alteration	no alteration	no alteration	no alteration	no alteration	no alteration	no alteration	no alteration
luad_tcga_pan_can_atlas_2018	TCGA-49-6743-01	TCGA-49-6743	0	no alteration	no alteration	no alteration	no alteration	no alteration	no alteration	no alteration	no alteration	no alteration	no alteration
luad_tcga_pan_can_atlas_2018	TCGA-49-6744-01	TCGA-49-6744	0	no alteration	no alteration	no alteration	no alteration	no alteration	no alteration	no alteration	no alteration	no alteration	no alteration
luad_tcga_pan_can_atlas_2018	TCGA-49-6761-01	TCGA-49-6761	0	no alteration	no alteration	no alteration	no alteration	no alteration	no alteration	no alteration	no alteration	no alteration	no alteration
luad_tcga_pan_can_atlas_2018	TCGA-49-6767-01	TCGA-49-6767	0	no alteration	no alteration	no alteration	no alteration	no alteration	no alteration	no alteration	no alteration	no alteration	no alteration
luad_tcga_pan_can_atlas_2018	TCGA-49-AAQV-01	TCGA-49-AAQV	0	no alteration	no alteration	no alteration	no alteration	no alteration	no alteration	no alteration	no alteration	no alteration	no alteration
luad_tcga_pan_can_atlas_2018	TCGA-49-AAR0-01	TCGA-49-AAR0	0	no alteration	no alteration	no alteration	no alteration	no alteration	no alteration	no alteration	no alteration	no alteration	no alteration
luad_tcga_pan_can_atlas_2018	TCGA-49-AAR2-01	TCGA-49-AAR2	0	no alteration	no alteration	no alteration	no alteration	no alteration	no alteration	no alteration	no alteration	no alteration	no alteration
luad_tcga_pan_can_atlas_2018	TCGA-49-AAR3-01	TCGA-49-AAR3	0	no alteration	no alteration	no alteration	no alteration	no alteration	no alteration	no alteration	no alteration	no alteration	no alteration
luad_tcga_pan_can_atlas_2018	TCGA-49-AAR4-01	TCGA-49-AAR4	0	no alteration	no alteration	no alteration	no alteration	no alteration	no alteration	no alteration	no alteration	no alteration	no alteration
luad_tcga_pan_can_atlas_2018	TCGA-49-AARE-01	TCGA-49-AARE	0	no alteration	no alteration	no alteration	no alteration	no alteration	no alteration	no alteration	no alteration	no alteration	no alteration
luad_tcga_pan_can_atlas_2018	TCGA-49-AARN-01	TCGA-49-AARN	0	no alteration	no alteration	no alteration	no alteration	no alteration	no alteration	no alteration	no alteration	no alteration	no alteration
luad_tcga_pan_can_atlas_2018	TCGA-49-AARR-01	TCGA-49-AARR	0	no alteration	no alteration	no alteration	no alteration	no alteration	no alteration	no alteration	no alteration	no alteration	no alteration
luad_tcga_pan_can_atlas_2018	TCGA-50-5044-01	TCGA-50-5044	0	no alteration	no alteration	no alteration	no alteration	no alteration	no alteration	no alteration	no alteration	no alteration	no alteration
luad_tcga_pan_can_atlas_2018	TCGA-50-5045-01	TCGA-50-5045	0	no alteration	no alteration	no alteration	no alteration	no alteration	no alteration	no alteration	no alteration	no alteration	no alteration
luad_tcga_pan_can_atlas_2018	TCGA-50-5049-01	TCGA-50-5049	0	no alteration	no alteration	no alteration	no alteration	no alteration	no alteration	no alteration	no alteration	no alteration	no alteration
luad_tcga_pan_can_atlas_2018	TCGA-50-5055-01	TCGA-50-5055	0	no alteration	no alteration	no alteration	no alteration	no alteration	no alteration	no alteration	no alteration	no alteration	no alteration
luad_tcga_pan_can_atlas_2018	TCGA-50-5068-01	TCGA-50-5068	0	no alteration	no alteration	no alteration	no alteration	no alteration	no alteration	no alteration	no alteration	no alteration	no alteration
luad_tcga_pan_can_atlas_2018	TCGA-50-5072-01	TCGA-50-5072	0	no alteration	no alteration	no alteration	no alteration	no alteration	no alteration	no alteration	no alteration	no alteration	no alteration
luad_tcga_pan_can_atlas_2018	TCGA-50-5930-01	TCGA-50-5930	0	no alteration	no alteration	no alteration	no alteration	no alteration	no alteration	no alteration	no alteration	no alteration	no alteration
luad_tcga_pan_can_atlas_2018	TCGA-50-5931-01	TCGA-50-5931	0	no alteration	no alteration	no alteration	no alteration	no alteration	no alteration	no alteration	no alteration	no alteration	no alteration
luad_tcga_pan_can_atlas_2018	TCGA-50-5935-01	TCGA-50-5935	0	no alteration	no alteration	no alteration	no alteration	no alteration	no alteration	no alteration	no alteration	no alteration	no alteration
luad_tcga_pan_can_atlas_2018	TCGA-50-5942-01	TCGA-50-5942	0	no alteration	no alteration	no alteration	no alteration	no alteration	no alteration	no alteration	no alteration	no alteration	no alteration
luad_tcga_pan_can_atlas_2018	TCGA-50-5946-01	TCGA-50-5946	0	no alteration	no alteration	no alteration	no alteration	no alteration	no alteration	no alteration	no alteration	no alteration	no alteration
luad_tcga_pan_can_atlas_2018	TCGA-50-6590-01	TCGA-50-6590	0	no alteration	no alteration	no alteration	no alteration	no alteration	no alteration	no alteration	no alteration	no alteration	no alteration
luad_tcga_pan_can_atlas_2018	TCGA-50-6592-01	TCGA-50-6592	0	no alteration	no alteration	no alteration	no alteration	no alteration	no alteration	no alteration	no alteration	no alteration	no alteration
luad_tcga_pan_can_atlas_2018	TCGA-50-6593-01	TCGA-50-6593	0	no alteration	no alteration	no alteration	no alteration	no alteration	no alteration	no alteration	no alteration	no alteration	no alteration
luad_tcga_pan_can_atlas_2018	TCGA-50-6594-01	TCGA-50-6594	0	no alteration	no alteration	no alteration	no alteration	no alteration	no alteration	no alteration	no alteration	no alteration	no alteration
luad_tcga_pan_can_atlas_2018	TCGA-50-6597-01	TCGA-50-6597	0	no alteration	no alteration	no alteration	no alteration	no alteration	no alteration	no alteration	no alteration	no alteration	no alteration
luad_tcga_pan_can_atlas_2018	TCGA-50-8457-01	TCGA-50-8457	0	no alteration	no alteration	no alteration	no alteration	no alteration	no alteration	no alteration	no alteration	no alteration	no alteration
luad_tcga_pan_can_atlas_2018	TCGA-50-8460-01	TCGA-50-8460	0	no alteration	no alteration	no alteration	no alteration	no alteration	no alteration	no alteration	no alteration	no alteration	no alteration
luad_tcga_pan_can_atlas_2018	TCGA-53-7624-01	TCGA-53-7624	0	no alteration	no alteration	no alteration	no alteration	no alteration	no alteration	no alteration	no alteration	no alteration	no alteration
luad_tcga_pan_can_atlas_2018	TCGA-53-7626-01	TCGA-53-7626	0	no alteration	no alteration	no alteration	no alteration	no alteration	no alteration	no alteration	no alteration	no alteration	no alteration
luad_tcga_pan_can_atlas_2018	TCGA-53-A4EZ-01	TCGA-53-A4EZ	0	no alteration	no alteration	no alteration	no alteration	no alteration	no alteration	no alteration	no alteration	no alteration	no alteration
luad_tcga_pan_can_atlas_2018	TCGA-55-1596-01	TCGA-55-1596	0	no alteration	no alteration	no alteration	no alteration	no alteration	no alteration	no alteration	no alteration	no alteration	no alteration
luad_tcga_pan_can_atlas_2018	TCGA-55-5899-01	TCGA-55-5899	0	no alteration	no alteration	no alteration	no alteration	no alteration	no alteration	no alteration	no alteration	no alteration	no alteration
luad_tcga_pan_can_atlas_2018	TCGA-55-6543-01	TCGA-55-6543	0	no alteration	no alteration	no alteration	no alteration	no alteration	no alteration	no alteration	no alteration	no alteration	no alteration
luad_tcga_pan_can_atlas_2018	TCGA-55-6712-01	TCGA-55-6712	0	no alteration	no alteration	no alteration	no alteration	no alteration	no alteration	no alteration	no alteration	no alteration	no alteration
luad_tcga_pan_can_atlas_2018	TCGA-55-6969-01	TCGA-55-6969	0	no alteration	no alteration	no alteration	no alteration	no alteration	no alteration	no alteration	no alteration	no alteration	no alteration
luad_tcga_pan_can_atlas_2018	TCGA-55-6971-01	TCGA-55-6971	0	no alteration	no alteration	no alteration	no alteration	no alteration	no alteration	no alteration	no alteration	no alteration	no alteration
luad_tcga_pan_can_atlas_2018	TCGA-55-6972-01	TCGA-55-6972	0	no alteration	no alteration	no alteration	no alteration	no alteration	no alteration	no alteration	no alteration	no alteration	no alteration
luad_tcga_pan_can_atlas_2018	TCGA-55-6978-01	TCGA-55-6978	0	no alteration	no alteration	no alteration	no alteration	no alteration	no alteration	no alteration	no alteration	no alteration	no alteration
luad_tcga_pan_can_atlas_2018	TCGA-55-6979-01	TCGA-55-6979	0	no alteration	no alteration	no alteration	no alteration	no alteration	no alteration	no alteration	no alteration	no alteration	no alteration
luad_tcga_pan_can_atlas_2018	TCGA-55-6982-01	TCGA-55-6982	0	no alteration	no alteration	no alteration	no alteration	no alteration	no alteration	no alteration	no alteration	no alteration	no alteration
luad_tcga_pan_can_atlas_2018	TCGA-55-6985-01	TCGA-55-6985	0	no alteration	no alteration	no alteration	no alteration	no alteration	no alteration	no alteration	no alteration	no alteration	no alteration
luad_tcga_pan_can_atlas_2018	TCGA-55-6986-01	TCGA-55-6986	0	no alteration	no alteration	no alteration	no alteration	no alteration	no alteration	no alteration	no alteration	no alteration	no alteration
luad_tcga_pan_can_atlas_2018	TCGA-55-6987-01	TCGA-55-6987	0	no alteration	no alteration	no alteration	no alteration	no alteration	no alteration	no alteration	no alteration	no alteration	no alteration
luad_tcga_pan_can_atlas_2018	TCGA-55-7574-01	TCGA-55-7574	0	no alteration	no alteration	no alteration	no alteration	no alteration	no alteration	no alteration	no alteration	no alteration	no alteration
luad_tcga_pan_can_atlas_2018	TCGA-55-7724-01	TCGA-55-7724	0	no alteration	no alteration	no alteration	no alteration	no alteration	no alteration	no alteration	no alteration	no alteration	no alteration
luad_tcga_pan_can_atlas_2018	TCGA-55-7727-01	TCGA-55-7727	0	no alteration	no alteration	no alteration	no alteration	no alteration	no alteration	no alteration	no alteration	no alteration	no alteration
luad_tcga_pan_can_atlas_2018	TCGA-55-7903-01	TCGA-55-7903	0	no alteration	no alteration	no alteration	no alteration	no alteration	no alteration	no alteration	no alteration	no alteration	no alteration
luad_tcga_pan_can_atlas_2018	TCGA-55-7913-01	TCGA-55-7913	0	no alteration	no alteration	no alteration	no alteration	no alteration	no alteration	no alteration	no alteration	no alteration	no alteration
luad_tcga_pan_can_atlas_2018	TCGA-55-7994-01	TCGA-55-7994	0	no alteration	no alteration	no alteration	no alteration	no alteration	no alteration	no alteration	no alteration	no alteration	no alteration
luad_tcga_pan_can_atlas_2018	TCGA-55-7995-01	TCGA-55-7995	0	no alteration	no alteration	no alteration	no alteration	no alteration	no alteration	no alteration	no alteration	no alteration	no alteration
luad_tcga_pan_can_atlas_2018	TCGA-55-8085-01	TCGA-55-8085	0	no alteration	no alteration	no alteration	no alteration	no alteration	no alteration	no alteration	no alteration	no alteration	no alteration
luad_tcga_pan_can_atlas_2018	TCGA-55-8087-01	TCGA-55-8087	0	no alteration	no alteration	no alteration	no alteration	no alteration	no alteration	no alteration	no alteration	no alteration	no alteration
luad_tcga_pan_can_atlas_2018	TCGA-55-8091-01	TCGA-55-8091	0	no alteration	no alteration	no alteration	no alteration	no alteration	no alteration	no alteration	no alteration	no alteration	no alteration
luad_tcga_pan_can_atlas_2018	TCGA-55-8204-01	TCGA-55-8204	0	no alteration	no alteration	no alteration	no alteration	no alteration	no alteration	no alteration	no alteration	no alteration	no alteration
luad_tcga_pan_can_atlas_2018	TCGA-55-8205-01	TCGA-55-8205	0	no alteration	no alteration	no alteration	no alteration	no alteration	no alteration	no alteration	no alteration	no alteration	no alteration
luad_tcga_pan_can_atlas_2018	TCGA-55-8208-01	TCGA-55-8208	0	no alteration	no alteration	no alteration	no alteration	no alteration	no alteration	no alteration	no alteration	no alteration	no alteration
luad_tcga_pan_can_atlas_2018	TCGA-55-8301-01	TCGA-55-8301	0	no alteration	no alteration	no alteration	no alteration	no alteration	no alteration	no alteration	no alteration	no alteration	no alteration
luad_tcga_pan_can_atlas_2018	TCGA-55-8505-01	TCGA-55-8505	0	no alteration	no alteration	no alteration	no alteration	no alteration	no alteration	no alteration	no alteration	no alteration	no alteration
luad_tcga_pan_can_atlas_2018	TCGA-55-8510-01	TCGA-55-8510	0	no alteration	no alteration	no alteration	no alteration	no alteration	no alteration	no alteration	no alteration	no alteration	no alteration
luad_tcga_pan_can_atlas_2018	TCGA-55-8511-01	TCGA-55-8511	0	no alteration	no alteration	no alteration	no alteration	no alteration	no alteration	no alteration	no alteration	no alteration	no alteration
luad_tcga_pan_can_atlas_2018	TCGA-55-8513-01	TCGA-55-8513	0	no alteration	no alteration	no alteration	no alteration	no alteration	no alteration	no alteration	no alteration	no alteration	no alteration
luad_tcga_pan_can_atlas_2018	TCGA-55-8614-01	TCGA-55-8614	0	no alteration	no alteration	no alteration	no alteration	no alteration	no alteration	no alteration	no alteration	no alteration	no alteration
luad_tcga_pan_can_atlas_2018	TCGA-55-8619-01	TCGA-55-8619	0	no alteration	no alteration	no alteration	no alteration	no alteration	no alteration	no alteration	no alteration	no alteration	no alteration
luad_tcga_pan_can_atlas_2018	TCGA-55-8621-01	TCGA-55-8621	0	no alteration	no alteration	no alteration	no alteration	no alteration	no alteration	no alteration	no alteration	no alteration	no alteration
luad_tcga_pan_can_atlas_2018	TCGA-55-A48X-01	TCGA-55-A48X	0	no alteration	no alteration	no alteration	no alteration	no alteration	no alteration	no alteration	no alteration	no alteration	no alteration
luad_tcga_pan_can_atlas_2018	TCGA-55-A48Y-01	TCGA-55-A48Y	0	no alteration	no alteration	no alteration	no alteration	no alteration	no alteration	no alteration	no alteration	no alteration	no alteration
luad_tcga_pan_can_atlas_2018	TCGA-55-A491-01	TCGA-55-A491	0	no alteration	no alteration	no alteration	no alteration	no alteration	no alteration	no alteration	no alteration	no alteration	no alteration
luad_tcga_pan_can_atlas_2018	TCGA-55-A492-01	TCGA-55-A492	0	no alteration	no alteration	no alteration	no alteration	no alteration	no alteration	no alteration	no alteration	no alteration	no alteration
luad_tcga_pan_can_atlas_2018	TCGA-55-A493-01	TCGA-55-A493	0	no alteration	no alteration	no alteration	no alteration	no alteration	no alteration	no alteration	no alteration	no alteration	no alteration
luad_tcga_pan_can_atlas_2018	TCGA-55-A4DF-01	TCGA-55-A4DF	0	no alteration	no alteration	no alteration	no alteration	no alteration	no alteration	no alteration	no alteration	no alteration	no alteration
luad_tcga_pan_can_atlas_2018	TCGA-55-A4DG-01	TCGA-55-A4DG	0	no alteration	no alteration	no alteration	no alteration	no alteration	no alteration	no alteration	no alteration	no alteration	no alteration
luad_tcga_pan_can_atlas_2018	TCGA-62-8395-01	TCGA-62-8395	0	no alteration	no alteration	no alteration	no alteration	no alteration	no alteration	no alteration	no alteration	no alteration	no alteration
luad_tcga_pan_can_atlas_2018	TCGA-62-8397-01	TCGA-62-8397	0	no alteration	no alteration	no alteration	no alteration	no alteration	no alteration	no alteration	no alteration	no alteration	no alteration
luad_tcga_pan_can_atlas_2018	TCGA-62-8399-01	TCGA-62-8399	0	no alteration	no alteration	no alteration	no alteration	no alteration	no alteration	no alteration	no alteration	no alteration	no alteration
luad_tcga_pan_can_atlas_2018	TCGA-62-A46O-01	TCGA-62-A46O	0	no alteration	no alteration	no alteration	no alteration	no alteration	no alteration	no alteration	no alteration	no alteration	no alteration
luad_tcga_pan_can_atlas_2018	TCGA-62-A46P-01	TCGA-62-A46P	0	no alteration	no alteration	no alteration	no alteration	no alteration	no alteration	no alteration	no alteration	no alteration	no alteration
luad_tcga_pan_can_atlas_2018	TCGA-62-A46V-01	TCGA-62-A46V	0	no alteration	no alteration	no alteration	no alteration	no alteration	no alteration	no alteration	no alteration	no alteration	no alteration
luad_tcga_pan_can_atlas_2018	TCGA-62-A46Y-01	TCGA-62-A46Y	0	no alteration	no alteration	no alteration	no alteration	no alteration	no alteration	no alteration	no alteration	no alteration	no alteration
luad_tcga_pan_can_atlas_2018	TCGA-62-A470-01	TCGA-62-A470	0	no alteration	no alteration	no alteration	no alteration	no alteration	no alteration	no alteration	no alteration	no alteration	no alteration
luad_tcga_pan_can_atlas_2018	TCGA-62-A471-01	TCGA-62-A471	0	no alteration	no alteration	no alteration	no alteration	no alteration	no alteration	no alteration	no alteration	no alteration	no alteration
luad_tcga_pan_can_atlas_2018	TCGA-62-A472-01	TCGA-62-A472	0	no alteration	no alteration	no alteration	no alteration	no alteration	no alteration	no alteration	no alteration	no alteration	no alteration
luad_tcga_pan_can_atlas_2018	TCGA-64-1676-01	TCGA-64-1676	0	no alteration	no alteration	no alteration	no alteration	no alteration	no alteration	no alteration	no alteration	no alteration	no alteration
luad_tcga_pan_can_atlas_2018	TCGA-64-1679-01	TCGA-64-1679	0	no alteration	no alteration	no alteration	no alteration	no alteration	no alteration	no alteration	no alteration	no alteration	no alteration
luad_tcga_pan_can_atlas_2018	TCGA-64-1680-01	TCGA-64-1680	0	no alteration	no alteration	no alteration	no alteration	no alteration	no alteration	no alteration	no alteration	no alteration	no alteration
luad_tcga_pan_can_atlas_2018	TCGA-64-5779-01	TCGA-64-5779	0	no alteration	no alteration	no alteration	no alteration	no alteration	no alteration	no alteration	no alteration	no alteration	no alteration
luad_tcga_pan_can_atlas_2018	TCGA-64-5781-01	TCGA-64-5781	0	no alteration	no alteration	no alteration	no alteration	no alteration	no alteration	no alteration	no alteration	no alteration	no alteration
luad_tcga_pan_can_atlas_2018	TCGA-67-3771-01	TCGA-67-3771	0	no alteration	no alteration	no alteration	no alteration	no alteration	no alteration	no alteration	no alteration	no alteration	no alteration
luad_tcga_pan_can_atlas_2018	TCGA-67-6215-01	TCGA-67-6215	0	no alteration	no alteration	no alteration	no alteration	no alteration	no alteration	no alteration	no alteration	no alteration	no alteration
luad_tcga_pan_can_atlas_2018	TCGA-67-6216-01	TCGA-67-6216	0	no alteration	no alteration	no alteration	no alteration	no alteration	no alteration	no alteration	no alteration	no alteration	no alteration
luad_tcga_pan_can_atlas_2018	TCGA-69-7761-01	TCGA-69-7761	0	no alteration	no alteration	no alteration	no alteration	no alteration	no alteration	no alteration	no alteration	no alteration	no alteration
luad_tcga_pan_can_atlas_2018	TCGA-69-7764-01	TCGA-69-7764	0	no alteration	no alteration	no alteration	no alteration	no alteration	no alteration	no alteration	no alteration	no alteration	no alteration
luad_tcga_pan_can_atlas_2018	TCGA-69-7979-01	TCGA-69-7979	0	no alteration	no alteration	no alteration	no alteration	no alteration	no alteration	no alteration	no alteration	no alteration	no alteration
luad_tcga_pan_can_atlas_2018	TCGA-69-A59K-01	TCGA-69-A59K	0	no alteration	no alteration	no alteration	no alteration	no alteration	no alteration	no alteration	no alteration	no alteration	no alteration
luad_tcga_pan_can_atlas_2018	TCGA-71-6725-01	TCGA-71-6725	0	no alteration	no alteration	no alteration	no alteration	no alteration	no alteration	no alteration	no alteration	no alteration	no alteration
luad_tcga_pan_can_atlas_2018	TCGA-73-4658-01	TCGA-73-4658	0	no alteration	no alteration	no alteration	no alteration	no alteration	no alteration	no alteration	no alteration	no alteration	no alteration
luad_tcga_pan_can_atlas_2018	TCGA-73-4659-01	TCGA-73-4659	0	no alteration	no alteration	no alteration	no alteration	no alteration	no alteration	no alteration	no alteration	no alteration	no alteration
luad_tcga_pan_can_atlas_2018	TCGA-73-4666-01	TCGA-73-4666	0	no alteration	no alteration	no alteration	no alteration	no alteration	no alteration	no alteration	no alteration	no alteration	no alteration
luad_tcga_pan_can_atlas_2018	TCGA-73-4675-01	TCGA-73-4675	0	no alteration	no alteration	no alteration	no alteration	no alteration	no alteration	no alteration	no alteration	no alteration	no alteration
luad_tcga_pan_can_atlas_2018	TCGA-73-4676-01	TCGA-73-4676	0	no alteration	no alteration	no alteration	no alteration	no alteration	no alteration	no alteration	no alteration	no alteration	no alteration
luad_tcga_pan_can_atlas_2018	TCGA-73-7499-01	TCGA-73-7499	0	no alteration	no alteration	no alteration	no alteration	no alteration	no alteration	no alteration	no alteration	no alteration	no alteration
luad_tcga_pan_can_atlas_2018	TCGA-73-A9RS-01	TCGA-73-A9RS	0	no alteration	no alteration	no alteration	no alteration	no alteration	no alteration	no alteration	no alteration	no alteration	no alteration
luad_tcga_pan_can_atlas_2018	TCGA-75-5125-01	TCGA-75-5125	0	no alteration	no alteration	no alteration	no alteration	no alteration	no alteration	no alteration	no alteration	no alteration	no alteration
luad_tcga_pan_can_atlas_2018	TCGA-75-5146-01	TCGA-75-5146	0	no alteration	no alteration	no alteration	no alteration	no alteration	no alteration	no alteration	no alteration	no alteration	no alteration
luad_tcga_pan_can_atlas_2018	TCGA-75-5147-01	TCGA-75-5147	0	no alteration	no alteration	no alteration	no alteration	no alteration	no alteration	no alteration	no alteration	no alteration	no alteration
luad_tcga_pan_can_atlas_2018	TCGA-75-6203-01	TCGA-75-6203	0	no alteration	no alteration	no alteration	no alteration	no alteration	no alteration	no alteration	no alteration	no alteration	no alteration
luad_tcga_pan_can_atlas_2018	TCGA-75-6205-01	TCGA-75-6205	0	no alteration	no alteration	no alteration	no alteration	no alteration	no alteration	no alteration	no alteration	no alteration	no alteration
luad_tcga_pan_can_atlas_2018	TCGA-75-7031-01	TCGA-75-7031	0	no alteration	no alteration	no alteration	no alteration	no alteration	no alteration	no alteration	no alteration	no alteration	no alteration
luad_tcga_pan_can_atlas_2018	TCGA-78-7146-01	TCGA-78-7146	0	no alteration	no alteration	no alteration	no alteration	no alteration	no alteration	no alteration	no alteration	no alteration	no alteration
luad_tcga_pan_can_atlas_2018	TCGA-78-7149-01	TCGA-78-7149	0	no alteration	no alteration	no alteration	no alteration	no alteration	no alteration	no alteration	no alteration	no alteration	no alteration
luad_tcga_pan_can_atlas_2018	TCGA-78-7150-01	TCGA-78-7150	0	no alteration	no alteration	no alteration	no alteration	no alteration	no alteration	no alteration	no alteration	no alteration	no alteration
luad_tcga_pan_can_atlas_2018	TCGA-78-7152-01	TCGA-78-7152	0	no alteration	no alteration	no alteration	no alteration	no alteration	no alteration	no alteration	no alteration	no alteration	no alteration
luad_tcga_pan_can_atlas_2018	TCGA-78-7153-01	TCGA-78-7153	0	no alteration	no alteration	no alteration	no alteration	no alteration	no alteration	no alteration	no alteration	no alteration	no alteration
luad_tcga_pan_can_atlas_2018	TCGA-78-7154-01	TCGA-78-7154	0	no alteration	no alteration	no alteration	no alteration	no alteration	no alteration	no alteration	no alteration	no alteration	no alteration
luad_tcga_pan_can_atlas_2018	TCGA-78-7156-01	TCGA-78-7156	0	no alteration	no alteration	no alteration	no alteration	no alteration	no alteration	no alteration	no alteration	no alteration	no alteration
luad_tcga_pan_can_atlas_2018	TCGA-78-7159-01	TCGA-78-7159	0	no alteration	no alteration	no alteration	no alteration	no alteration	no alteration	no alteration	no alteration	no alteration	no alteration
luad_tcga_pan_can_atlas_2018	TCGA-78-7162-01	TCGA-78-7162	0	no alteration	no alteration	no alteration	no alteration	no alteration	no alteration	no alteration	no alteration	no alteration	no alteration
luad_tcga_pan_can_atlas_2018	TCGA-78-7163-01	TCGA-78-7163	0	no alteration	no alteration	no alteration	no alteration	no alteration	no alteration	no alteration	no alteration	no alteration	no alteration
luad_tcga_pan_can_atlas_2018	TCGA-78-7535-01	TCGA-78-7535	0	no alteration	no alteration	no alteration	no alteration	no alteration	no alteration	no alteration	no alteration	no alteration	no alteration
luad_tcga_pan_can_atlas_2018	TCGA-78-7536-01	TCGA-78-7536	0	no alteration	no alteration	no alteration	no alteration	no alteration	no alteration	no alteration	no alteration	no alteration	no alteration
luad_tcga_pan_can_atlas_2018	TCGA-78-7537-01	TCGA-78-7537	0	no alteration	no alteration	no alteration	no alteration	no alteration	no alteration	no alteration	no alteration	no alteration	no alteration
luad_tcga_pan_can_atlas_2018	TCGA-78-7542-01	TCGA-78-7542	0	no alteration	no alteration	no alteration	no alteration	no alteration	no alteration	no alteration	no alteration	no alteration	no alteration
luad_tcga_pan_can_atlas_2018	TCGA-78-7633-01	TCGA-78-7633	0	no alteration	no alteration	no alteration	no alteration	no alteration	no alteration	no alteration	no alteration	no alteration	no alteration
luad_tcga_pan_can_atlas_2018	TCGA-78-8640-01	TCGA-78-8640	0	no alteration	no alteration	no alteration	no alteration	no alteration	no alteration	no alteration	no alteration	no alteration	no alteration
luad_tcga_pan_can_atlas_2018	TCGA-78-8648-01	TCGA-78-8648	0	no alteration	no alteration	no alteration	no alteration	no alteration	no alteration	no alteration	no alteration	no alteration	no alteration
luad_tcga_pan_can_atlas_2018	TCGA-78-8660-01	TCGA-78-8660	0	no alteration	no alteration	no alteration	no alteration	no alteration	no alteration	no alteration	no alteration	no alteration	no alteration
luad_tcga_pan_can_atlas_2018	TCGA-78-8662-01	TCGA-78-8662	0	no alteration	no alteration	no alteration	no alteration	no alteration	no alteration	no alteration	no alteration	no alteration	no alteration
luad_tcga_pan_can_atlas_2018	TCGA-80-5607-01	TCGA-80-5607	0	no alteration	no alteration	no alteration	no alteration	no alteration	no alteration	no alteration	no alteration	no alteration	no alteration
luad_tcga_pan_can_atlas_2018	TCGA-80-5611-01	TCGA-80-5611	0	no alteration	no alteration	no alteration	no alteration	no alteration	no alteration	no alteration	no alteration	no alteration	no alteration
luad_tcga_pan_can_atlas_2018	TCGA-86-6562-01	TCGA-86-6562	0	no alteration	no alteration	no alteration	no alteration	no alteration	no alteration	no alteration	no alteration	no alteration	no alteration
luad_tcga_pan_can_atlas_2018	TCGA-86-6851-01	TCGA-86-6851	0	no alteration	no alteration	no alteration	no alteration	no alteration	no alteration	no alteration	no alteration	no alteration	no alteration
luad_tcga_pan_can_atlas_2018	TCGA-86-7701-01	TCGA-86-7701	0	no alteration	no alteration	no alteration	no alteration	no alteration	no alteration	no alteration	no alteration	no alteration	no alteration
luad_tcga_pan_can_atlas_2018	TCGA-86-7711-01	TCGA-86-7711	0	no alteration	no alteration	no alteration	no alteration	no alteration	no alteration	no alteration	no alteration	no alteration	no alteration
luad_tcga_pan_can_atlas_2018	TCGA-86-7714-01	TCGA-86-7714	0	no alteration	no alteration	no alteration	no alteration	no alteration	no alteration	no alteration	no alteration	no alteration	no alteration
luad_tcga_pan_can_atlas_2018	TCGA-86-7955-01	TCGA-86-7955	0	no alteration	no alteration	no alteration	no alteration	no alteration	no alteration	no alteration	no alteration	no alteration	no alteration
luad_tcga_pan_can_atlas_2018	TCGA-86-8073-01	TCGA-86-8073	0	no alteration	no alteration	no alteration	no alteration	no alteration	no alteration	no alteration	no alteration	no alteration	no alteration
luad_tcga_pan_can_atlas_2018	TCGA-86-8278-01	TCGA-86-8278	0	no alteration	no alteration	no alteration	no alteration	no alteration	no alteration	no alteration	no alteration	no alteration	no alteration
luad_tcga_pan_can_atlas_2018	TCGA-86-8279-01	TCGA-86-8279	0	no alteration	no alteration	no alteration	no alteration	no alteration	no alteration	no alteration	no alteration	no alteration	no alteration
luad_tcga_pan_can_atlas_2018	TCGA-86-8281-01	TCGA-86-8281	0	no alteration	no alteration	no alteration	no alteration	no alteration	no alteration	no alteration	no alteration	no alteration	no alteration
luad_tcga_pan_can_atlas_2018	TCGA-86-8358-01	TCGA-86-8358	0	no alteration	no alteration	no alteration	no alteration	no alteration	no alteration	no alteration	no alteration	no alteration	no alteration
luad_tcga_pan_can_atlas_2018	TCGA-86-8585-01	TCGA-86-8585	0	no alteration	no alteration	no alteration	no alteration	no alteration	no alteration	no alteration	no alteration	no alteration	no alteration
luad_tcga_pan_can_atlas_2018	TCGA-86-8669-01	TCGA-86-8669	0	no alteration	no alteration	no alteration	no alteration	no alteration	no alteration	no alteration	no alteration	no alteration	no alteration
luad_tcga_pan_can_atlas_2018	TCGA-86-8671-01	TCGA-86-8671	0	no alteration	no alteration	no alteration	no alteration	no alteration	no alteration	no alteration	no alteration	no alteration	no alteration
luad_tcga_pan_can_atlas_2018	TCGA-86-8672-01	TCGA-86-8672	0	no alteration	no alteration	no alteration	no alteration	no alteration	no alteration	no alteration	no alteration	no alteration	no alteration
luad_tcga_pan_can_atlas_2018	TCGA-86-8673-01	TCGA-86-8673	0	no alteration	no alteration	no alteration	no alteration	no alteration	no alteration	no alteration	no alteration	no alteration	no alteration
luad_tcga_pan_can_atlas_2018	TCGA-86-A4P8-01	TCGA-86-A4P8	0	no alteration	no alteration	no alteration	no alteration	no alteration	no alteration	no alteration	no alteration	no alteration	no alteration
luad_tcga_pan_can_atlas_2018	TCGA-91-6829-01	TCGA-91-6829	0	no alteration	no alteration	no alteration	no alteration	no alteration	no alteration	no alteration	no alteration	no alteration	no alteration
luad_tcga_pan_can_atlas_2018	TCGA-91-6830-01	TCGA-91-6830	0	no alteration	no alteration	no alteration	no alteration	no alteration	no alteration	no alteration	no alteration	no alteration	no alteration
luad_tcga_pan_can_atlas_2018	TCGA-91-6831-01	TCGA-91-6831	0	no alteration	no alteration	no alteration	no alteration	no alteration	no alteration	no alteration	no alteration	no alteration	no alteration
luad_tcga_pan_can_atlas_2018	TCGA-91-6840-01	TCGA-91-6840	0	no alteration	no alteration	no alteration	no alteration	no alteration	no alteration	no alteration	no alteration	no alteration	no alteration
luad_tcga_pan_can_atlas_2018	TCGA-91-6848-01	TCGA-91-6848	0	no alteration	no alteration	no alteration	no alteration	no alteration	no alteration	no alteration	no alteration	no alteration	no alteration
luad_tcga_pan_can_atlas_2018	TCGA-91-7771-01	TCGA-91-7771	0	no alteration	no alteration	no alteration	no alteration	no alteration	no alteration	no alteration	no alteration	no alteration	no alteration
luad_tcga_pan_can_atlas_2018	TCGA-91-8496-01	TCGA-91-8496	0	no alteration	no alteration	no alteration	no alteration	no alteration	no alteration	no alteration	no alteration	no alteration	no alteration
luad_tcga_pan_can_atlas_2018	TCGA-91-8497-01	TCGA-91-8497	0	no alteration	no alteration	no alteration	no alteration	no alteration	no alteration	no alteration	no alteration	no alteration	no alteration
luad_tcga_pan_can_atlas_2018	TCGA-91-8499-01	TCGA-91-8499	0	no alteration	no alteration	no alteration	no alteration	no alteration	no alteration	no alteration	no alteration	no alteration	no alteration
luad_tcga_pan_can_atlas_2018	TCGA-91-A4BC-01	TCGA-91-A4BC	0	no alteration	no alteration	no alteration	no alteration	no alteration	no alteration	no alteration	no alteration	no alteration	no alteration
luad_tcga_pan_can_atlas_2018	TCGA-91-A4BD-01	TCGA-91-A4BD	0	no alteration	no alteration	no alteration	no alteration	no alteration	no alteration	no alteration	no alteration	no alteration	no alteration
luad_tcga_pan_can_atlas_2018	TCGA-93-7348-01	TCGA-93-7348	0	no alteration	no alteration	no alteration	no alteration	no alteration	no alteration	no alteration	no alteration	no alteration	no alteration
luad_tcga_pan_can_atlas_2018	TCGA-93-A4JN-01	TCGA-93-A4JN	0	no alteration	no alteration	no alteration	no alteration	no alteration	no alteration	no alteration	no alteration	no alteration	no alteration
luad_tcga_pan_can_atlas_2018	TCGA-93-A4JQ-01	TCGA-93-A4JQ	0	no alteration	no alteration	no alteration	no alteration	no alteration	no alteration	no alteration	no alteration	no alteration	no alteration
luad_tcga_pan_can_atlas_2018	TCGA-95-7043-01	TCGA-95-7043	0	no alteration	no alteration	no alteration	no alteration	no alteration	no alteration	no alteration	no alteration	no alteration	no alteration
luad_tcga_pan_can_atlas_2018	TCGA-95-7944-01	TCGA-95-7944	0	no alteration	no alteration	no alteration	no alteration	no alteration	no alteration	no alteration	no alteration	no alteration	no alteration
luad_tcga_pan_can_atlas_2018	TCGA-95-7948-01	TCGA-95-7948	0	no alteration	no alteration	no alteration	no alteration	no alteration	no alteration	no alteration	no alteration	no alteration	no alteration
luad_tcga_pan_can_atlas_2018	TCGA-95-8039-01	TCGA-95-8039	0	no alteration	no alteration	no alteration	no alteration	no alteration	no alteration	no alteration	no alteration	no alteration	no alteration
luad_tcga_pan_can_atlas_2018	TCGA-97-7546-01	TCGA-97-7546	0	no alteration	no alteration	no alteration	no alteration	no alteration	no alteration	no alteration	no alteration	no alteration	no alteration
luad_tcga_pan_can_atlas_2018	TCGA-97-7547-01	TCGA-97-7547	0	no alteration	no alteration	no alteration	no alteration	no alteration	no alteration	no alteration	no alteration	no alteration	no alteration
luad_tcga_pan_can_atlas_2018	TCGA-97-7552-01	TCGA-97-7552	0	no alteration	no alteration	no alteration	no alteration	no alteration	no alteration	no alteration	no alteration	no alteration	no alteration
luad_tcga_pan_can_atlas_2018	TCGA-97-7553-01	TCGA-97-7553	0	no alteration	no alteration	no alteration	no alteration	no alteration	no alteration	no alteration	no alteration	no alteration	no alteration
luad_tcga_pan_can_atlas_2018	TCGA-97-7937-01	TCGA-97-7937	0	no alteration	no alteration	no alteration	no alteration	no alteration	no alteration	no alteration	no alteration	no alteration	no alteration
luad_tcga_pan_can_atlas_2018	TCGA-97-8174-01	TCGA-97-8174	0	no alteration	no alteration	no alteration	no alteration	no alteration	no alteration	no alteration	no alteration	no alteration	no alteration
luad_tcga_pan_can_atlas_2018	TCGA-97-8175-01	TCGA-97-8175	0	no alteration	no alteration	no alteration	no alteration	no alteration	no alteration	no alteration	no alteration	no alteration	no alteration
luad_tcga_pan_can_atlas_2018	TCGA-97-A4LX-01	TCGA-97-A4LX	0	no alteration	no alteration	no alteration	no alteration	no alteration	no alteration	no alteration	no alteration	no alteration	no alteration
luad_tcga_pan_can_atlas_2018	TCGA-97-A4M2-01	TCGA-97-A4M2	0	no alteration	no alteration	no alteration	no alteration	no alteration	no alteration	no alteration	no alteration	no alteration	no alteration
luad_tcga_pan_can_atlas_2018	TCGA-97-A4M3-01	TCGA-97-A4M3	0	no alteration	no alteration	no alteration	no alteration	no alteration	no alteration	no alteration	no alteration	no alteration	no alteration
luad_tcga_pan_can_atlas_2018	TCGA-99-7458-01	TCGA-99-7458	0	no alteration	no alteration	no alteration	no alteration	no alteration	no alteration	no alteration	no alteration	no alteration	no alteration
luad_tcga_pan_can_atlas_2018	TCGA-99-AA5R-01	TCGA-99-AA5R	0	no alteration	no alteration	no alteration	no alteration	no alteration	no alteration	no alteration	no alteration	no alteration	no alteration
luad_tcga_pan_can_atlas_2018	TCGA-J2-A4AD-01	TCGA-J2-A4AD	0	no alteration	no alteration	no alteration	no alteration	no alteration	no alteration	no alteration	no alteration	no alteration	no alteration
luad_tcga_pan_can_atlas_2018	TCGA-J2-A4AE-01	TCGA-J2-A4AE	0	no alteration	no alteration	no alteration	no alteration	no alteration	no alteration	no alteration	no alteration	no alteration	no alteration
luad_tcga_pan_can_atlas_2018	TCGA-L4-A4E5-01	TCGA-L4-A4E5	0	no alteration	no alteration	no alteration	no alteration	no alteration	no alteration	no alteration	no alteration	no alteration	no alteration
luad_tcga_pan_can_atlas_2018	TCGA-L4-A4E6-01	TCGA-L4-A4E6	0	no alteration	no alteration	no alteration	no alteration	no alteration	no alteration	no alteration	no alteration	no alteration	no alteration
luad_tcga_pan_can_atlas_2018	TCGA-L9-A5IP-01	TCGA-L9-A5IP	0	no alteration	no alteration	no alteration	no alteration	no alteration	no alteration	no alteration	no alteration	no alteration	no alteration
luad_tcga_pan_can_atlas_2018	TCGA-L9-A743-01	TCGA-L9-A743	0	no alteration	no alteration	no alteration	no alteration	no alteration	no alteration	no alteration	no alteration	no alteration	no alteration
luad_tcga_pan_can_atlas_2018	TCGA-L9-A7SV-01	TCGA-L9-A7SV	0	no alteration	no alteration	no alteration	no alteration	no alteration	no alteration	no alteration	no alteration	no alteration	no alteration
luad_tcga_pan_can_atlas_2018	TCGA-L9-A8F4-01	TCGA-L9-A8F4	0	no alteration	no alteration	no alteration	no alteration	no alteration	no alteration	no alteration	no alteration	no alteration	no alteration
luad_tcga_pan_can_atlas_2018	TCGA-MN-A4N1-01	TCGA-MN-A4N1	0	no alteration	no alteration	no alteration	no alteration	no alteration	no alteration	no alteration	no alteration	no alteration	no alteration
luad_tcga_pan_can_atlas_2018	TCGA-MN-A4N4-01	TCGA-MN-A4N4	0	no alteration	no alteration	no alteration	no alteration	no alteration	no alteration	no alteration	no alteration	no alteration	no alteration
luad_tcga_pan_can_atlas_2018	TCGA-MP-A4SV-01	TCGA-MP-A4SV	0	no alteration	no alteration	no alteration	no alteration	no alteration	no alteration	no alteration	no alteration	no alteration	no alteration
luad_tcga_pan_can_atlas_2018	TCGA-MP-A4T2-01	TCGA-MP-A4T2	0	no alteration	no alteration	no alteration	no alteration	no alteration	no alteration	no alteration	no alteration	no alteration	no alteration
luad_tcga_pan_can_atlas_2018	TCGA-MP-A4TA-01	TCGA-MP-A4TA	0	no alteration	no alteration	no alteration	no alteration	no alteration	no alteration	no alteration	no alteration	no alteration	no alteration
luad_tcga_pan_can_atlas_2018	TCGA-MP-A4TC-01	TCGA-MP-A4TC	0	no alteration	no alteration	no alteration	no alteration	no alteration	no alteration	no alteration	no alteration	no alteration	no alteration
luad_tcga_pan_can_atlas_2018	TCGA-MP-A4TH-01	TCGA-MP-A4TH	0	no alteration	no alteration	no alteration	no alteration	no alteration	no alteration	no alteration	no alteration	no alteration	no alteration
luad_tcga_pan_can_atlas_2018	TCGA-MP-A4TJ-01	TCGA-MP-A4TJ	0	no alteration	no alteration	no alteration	no alteration	no alteration	no alteration	no alteration	no alteration	no alteration	no alteration
luad_tcga_pan_can_atlas_2018	TCGA-MP-A5C7-01	TCGA-MP-A5C7	0	no alteration	no alteration	no alteration	no alteration	no alteration	no alteration	no alteration	no alteration	no alteration	no alteration
luad_tcga_pan_can_atlas_2018	TCGA-NJ-A4YF-01	TCGA-NJ-A4YF	0	no alteration	no alteration	no alteration	no alteration	no alteration	no alteration	no alteration	no alteration	no alteration	no alteration
luad_tcga_pan_can_atlas_2018	TCGA-NJ-A4YQ-01	TCGA-NJ-A4YQ	0	no alteration	no alteration	no alteration	no alteration	no alteration	no alteration	no alteration	no alteration	no alteration	no alteration
luad_tcga_pan_can_atlas_2018	TCGA-NJ-A55A-01	TCGA-NJ-A55A	0	no alteration	no alteration	no alteration	no alteration	no alteration	no alteration	no alteration	no alteration	no alteration	no alteration
luad_tcga_pan_can_atlas_2018	TCGA-NJ-A7XG-01	TCGA-NJ-A7XG	0	no alteration	no alteration	no alteration	no alteration	no alteration	no alteration	no alteration	no alteration	no alteration	no alteration
luad_tcga_pan_can_atlas_2018	TCGA-O1-A52J-01	TCGA-O1-A52J	0	no alteration	no alteration	no alteration	no alteration	no alteration	no alteration	no alteration	no alteration	no alteration	no alteration
luad_tcga_pan_can_atlas_2018	TCGA-S2-AA1A-01	TCGA-S2-AA1A	0	no alteration	no alteration	no alteration	no alteration	no alteration	no alteration	no alteration	no alteration	no alteration	no alteration
